rating,reviews,jobs,interviews,Work_Life_Balance,Job_Security,Salary_&_Benefits,Skill_Development_/_Learning,Company_Culture,Promotions_/_Appraisal
3.7,4800.0,37.0,414.0,1,1,0,0,0,1
3.9,4800.0,164.0,414.0,0,1,0,1,1,1
3.8,4800.0,164.0,414.0,0,0,0,0,0,1
3.7,4800.0,164.0,414.0,0,1,0,0,0,1
3.8,4800.0,164.0,414.0,1,1,0,1,0,1
3.9,4800.0,164.0,414.0,0,1,0,1,0,1
4.0,4800.0,1.0,414.0,0,1,0,1,1,0
3.7,4800.0,164.0,414.0,0,1,0,1,1,1
3.6,4800.0,164.0,414.0,0,1,0,0,0,1
3.6,4800.0,164.0,414.0,0,0,0,0,0,1
3.9,4800.0,164.0,414.0,1,1,0,1,0,1
3.9,4800.0,164.0,414.0,0,1,0,1,1,0
3.8,4800.0,47.0,414.0,0,1,0,0,0,1
3.8,4800.0,102.0,414.0,0,0,0,0,0,1
4.1,4800.0,101.0,414.0,1,0,1,0,1,0
3.9,4800.0,164.0,414.0,0,1,0,1,0,1
3.9,4800.0,23.0,414.0,0,1,0,1,0,1
4.1,4800.0,164.0,414.0,1,1,0,1,0,1
4.3,4800.0,72.0,414.0,0,1,0,1,1,0
4.0,4800.0,86.0,414.0,0,1,0,1,1,1
4.0,4800.0,162.0,414.0,0,1,1,1,0,0
3.8,4800.0,60.0,414.0,0,1,1,1,0,0
3.8,4800.0,120.0,414.0,0,1,0,0,0,1
3.5,4800.0,99.0,414.0,0,0,0,0,0,1
4.0,4800.0,31.0,414.0,1,1,0,1,0,1
4.1,4800.0,18.0,414.0,1,0,1,0,1,0
4.0,4800.0,164.0,414.0,0,1,1,1,0,1
4.2,4800.0,16.0,414.0,0,1,0,1,1,0
3.4,4800.0,98.0,414.0,0,0,0,0,0,1
4.0,4800.0,154.0,414.0,0,1,0,1,1,0
3.6,4800.0,93.0,414.0,0,0,0,0,0,1
3.5,4800.0,164.0,414.0,0,0,0,0,0,1
4.0,4800.0,44.0,414.0,0,1,1,1,0,0
3.7,4800.0,161.0,414.0,1,0,0,0,0,1
4.1,4800.0,56.0,414.0,0,1,0,1,1,0
4.3,4800.0,14.0,391.0,0,1,0,1,1,0
3.8,4800.0,79.0,414.0,0,1,0,1,1,1
4.0,4800.0,33.0,414.0,0,1,1,1,0,0
4.0,4800.0,81.0,414.0,0,1,0,1,1,0
3.7,4800.0,46.0,414.0,0,0,0,0,0,1
3.5,4800.0,164.0,414.0,0,0,0,0,0,1
3.4,4800.0,112.0,414.0,0,0,0,0,0,1
4.0,4800.0,118.0,414.0,1,1,0,0,1,1
3.8,4800.0,72.0,399.0,0,0,0,0,0,0
4.2,4800.0,164.0,414.0,0,1,1,1,0,0
3.3,4800.0,69.0,414.0,0,0,0,0,0,1
3.3,4800.0,41.0,414.0,0,0,0,0,0,1
4.0,4800.0,37.0,414.0,0,1,1,1,0,0
3.8,4800.0,9.0,414.0,0,1,0,0,0,1
4.0,4800.0,2.0,414.0,1,1,1,0,0,1
4.2,4800.0,3.0,386.0,1,1,0,0,1,1
3.9,4800.0,12.0,226.0,1,1,0,0,1,1
4.1,4800.0,22.0,310.0,1,1,0,1,0,0
3.9,4800.0,46.0,372.0,1,0,0,0,0,1
3.8,4800.0,164.0,414.0,0,1,0,0,0,1
4.1,4800.0,66.0,414.0,1,0,1,1,0,0
4.2,4800.0,78.0,414.0,0,1,0,1,1,0
4.0,4800.0,56.0,414.0,1,1,0,0,1,1
4.1,4800.0,31.0,373.0,1,0,0,1,1,0
3.7,4800.0,156.0,414.0,0,0,0,0,0,1
4.2,4800.0,24.0,414.0,1,1,0,1,0,0
4.0,4800.0,20.0,287.0,0,1,1,1,0,0
4.1,4800.0,29.0,354.0,0,1,1,1,0,0
3.9,4800.0,38.0,414.0,1,1,0,0,1,1
3.8,4800.0,56.0,232.0,0,0,0,0,0,0
4.1,4800.0,14.0,414.0,1,0,1,0,1,1
4.2,4800.0,62.0,326.0,1,0,0,1,1,0
4.2,4800.0,37.0,289.0,0,1,1,1,0,0
3.9,4800.0,110.0,414.0,0,0,0,1,0,1
4.1,4800.0,164.0,414.0,0,1,0,1,1,0
4.1,4800.0,149.0,368.0,0,1,1,1,0,0
4.3,4800.0,43.0,319.0,0,1,0,1,1,0
3.6,4800.0,164.0,414.0,0,0,0,0,0,1
3.7,4800.0,1.0,414.0,0,1,0,0,0,1
4.0,4800.0,24.0,414.0,0,1,0,1,0,1
4.0,4800.0,74.0,414.0,0,1,0,1,0,1
3.9,4800.0,164.0,414.0,1,1,0,0,1,1
4.2,4800.0,13.0,335.0,0,1,0,1,1,0
4.0,4800.0,51.0,242.0,1,0,1,1,0,0
3.5,4800.0,164.0,414.0,0,0,0,0,0,1
4.1,4800.0,164.0,279.0,0,1,0,1,1,0
4.1,4800.0,17.0,208.0,0,1,0,1,1,0
4.0,4800.0,5.0,328.0,1,0,1,1,0,0
3.7,4800.0,164.0,414.0,1,1,0,0,0,1
4.3,4800.0,36.0,380.0,0,1,1,0,1,0
3.6,4700.0,30.0,240.0,0,0,0,0,0,1
4.0,4700.0,16.0,414.0,0,1,0,0,0,1
3.4,4600.0,59.0,414.0,0,0,0,0,0,1
3.8,4600.0,49.0,397.0,0,0,0,0,0,1
4.0,4500.0,14.0,222.0,1,1,1,0,0,0
4.2,4500.0,36.0,321.0,0,1,0,1,1,0
4.2,4500.0,12.0,310.0,1,1,0,1,0,0
4.0,4500.0,6.0,305.0,1,1,1,0,0,0
4.1,4400.0,164.0,404.0,1,1,0,0,1,1
3.4,4400.0,147.0,414.0,0,0,0,0,0,1
3.8,4300.0,164.0,414.0,0,0,0,0,0,1
3.5,4300.0,164.0,414.0,0,0,0,0,0,1
4.1,4300.0,1.0,221.0,1,0,0,1,0,1
4.1,4300.0,93.0,311.0,0,1,0,1,1,0
3.7,4300.0,94.0,274.0,0,0,0,0,0,1
3.4,4300.0,3.0,414.0,0,0,0,0,0,1
3.8,4200.0,164.0,255.0,0,1,0,0,0,1
3.9,4200.0,95.0,374.0,0,1,0,0,1,1
3.5,4200.0,70.0,316.0,0,0,0,0,0,1
4.0,4200.0,3.0,337.0,0,1,0,0,0,1
3.7,4200.0,121.0,253.0,0,0,0,0,0,1
4.1,4200.0,1.0,183.0,1,0,0,1,1,1
4.1,4200.0,84.0,109.0,1,0,0,1,1,1
3.7,4200.0,100.0,274.0,0,0,0,0,0,1
4.1,4200.0,164.0,414.0,1,1,0,0,1,1
3.7,4200.0,103.0,414.0,1,0,0,0,0,1
4.1,4100.0,35.0,141.0,0,1,0,1,1,0
4.0,4000.0,36.0,160.0,0,1,1,1,0,0
4.3,4000.0,164.0,173.0,1,1,0,0,1,0
3.9,4000.0,64.0,414.0,1,0,0,0,1,1
4.0,4000.0,12.0,310.0,1,1,0,0,1,1
4.0,4000.0,16.0,200.0,0,0,0,1,0,1
4.0,3900.0,33.0,414.0,1,0,1,0,1,0
4.0,3900.0,18.0,139.0,0,0,0,1,0,0
4.1,3900.0,21.0,146.0,0,1,1,0,1,0
4.0,3900.0,8.0,297.0,0,1,1,1,0,0
3.7,3900.0,109.0,224.0,0,0,0,0,0,1
4.0,3800.0,28.0,414.0,1,1,0,0,1,1
4.2,3800.0,2.0,219.0,0,1,1,1,0,0
3.6,3800.0,21.0,272.0,0,0,0,0,0,1
4.0,3800.0,30.0,392.0,1,1,0,0,1,1
3.8,3800.0,116.0,399.0,0,0,0,0,0,1
4.0,3800.0,164.0,319.0,1,0,1,0,1,1
3.9,3700.0,54.0,414.0,0,0,0,0,1,1
4.2,3700.0,28.0,224.0,1,1,0,0,1,0
3.8,3700.0,8.0,229.0,0,1,1,0,0,0
4.2,3600.0,65.0,243.0,0,1,0,1,1,0
4.3,3600.0,6.0,239.0,0,1,1,1,0,0
4.1,3600.0,26.0,375.0,1,0,0,1,1,1
3.8,3600.0,2.0,212.0,0,1,0,0,0,1
4.0,3600.0,22.0,240.0,0,1,0,1,0,0
3.6,3500.0,159.0,414.0,0,0,0,0,0,1
4.2,3500.0,164.0,334.0,1,1,0,0,1,0
3.9,3500.0,21.0,184.0,0,0,0,0,0,1
3.3,3400.0,34.0,221.0,0,0,0,0,0,1
4.1,3400.0,9.0,280.0,0,1,1,1,0,1
4.2,3400.0,11.0,285.0,0,1,1,1,0,0
4.2,3400.0,7.0,174.0,1,0,0,1,1,0
3.9,3400.0,109.0,317.0,1,1,0,0,0,1
3.6,3300.0,73.0,304.0,0,0,0,0,0,1
4.2,3300.0,39.0,167.0,0,1,0,1,1,0
4.1,3300.0,70.0,211.0,0,1,1,0,0,0
3.8,3200.0,40.0,250.0,0,0,0,0,0,1
3.6,3200.0,6.0,414.0,0,1,0,0,0,1
4.0,3200.0,4.0,132.0,0,0,1,1,0,0
4.1,3200.0,164.0,239.0,1,1,0,0,1,1
4.1,3200.0,31.0,193.0,1,1,1,0,0,0
4.2,3200.0,77.0,142.0,0,0,0,1,1,0
4.0,3100.0,164.0,339.0,1,1,0,0,1,1
4.0,3100.0,3.0,180.0,0,1,1,1,0,0
4.2,3100.0,59.0,222.0,0,1,0,1,1,0
3.9,3100.0,1.0,188.0,0,0,0,0,0,1
3.8,3100.0,3.0,206.0,0,1,0,0,0,1
3.9,3100.0,164.0,258.0,1,1,0,0,1,0
3.6,3100.0,44.0,280.0,0,0,1,0,0,0
3.7,3100.0,7.0,187.0,0,1,0,0,0,1
4.0,3000.0,19.0,189.0,1,0,1,0,1,0
3.9,3000.0,83.0,194.0,0,1,0,0,1,1
3.9,3000.0,27.0,190.0,0,1,0,0,0,1
4.3,3000.0,31.0,71.0,1,0,0,0,1,0
3.9,3000.0,35.0,169.0,0,1,0,0,0,1
4.0,3000.0,42.0,148.0,0,0,0,1,1,1
3.5,3000.0,116.0,283.0,0,0,0,0,0,1
3.5,3000.0,40.0,414.0,0,0,0,0,0,1
4.0,3000.0,164.0,160.0,0,1,1,1,0,0
4.3,3000.0,120.0,226.0,1,0,0,1,1,0
4.2,2900.0,5.0,129.0,1,1,1,0,0,0
3.8,2900.0,3.0,283.0,1,0,0,0,0,1
4.0,2900.0,3.0,198.0,0,1,0,1,0,1
4.1,2900.0,40.0,189.0,0,0,1,1,0,0
4.2,2900.0,164.0,137.0,0,0,1,1,1,1
4.2,2900.0,164.0,343.0,1,1,0,0,1,0
4.3,2900.0,15.0,191.0,1,1,0,0,1,0
3.9,2900.0,15.0,200.0,0,0,0,0,0,0
4.1,2900.0,47.0,211.0,1,1,0,0,1,1
3.8,2900.0,164.0,173.0,1,0,0,0,0,0
4.0,2900.0,61.0,192.0,1,0,1,0,0,0
3.7,2900.0,131.0,245.0,0,0,0,0,0,1
4.1,2900.0,100.0,148.0,1,0,0,1,1,0
4.0,2800.0,25.0,339.0,0,1,1,0,1,1
4.2,2800.0,40.0,195.0,0,1,0,1,1,0
3.3,2800.0,96.0,278.0,0,0,0,0,0,1
4.3,2800.0,70.0,223.0,1,1,0,0,1,0
3.8,2700.0,2.0,153.0,0,0,1,0,0,0
3.9,2700.0,7.0,139.0,0,0,1,0,0,0
4.0,2700.0,19.0,282.0,0,1,0,1,0,0
4.3,2700.0,90.0,185.0,1,1,0,0,1,0
4.0,2700.0,36.0,130.0,1,1,0,0,1,1
4.1,2700.0,1.0,205.0,1,0,0,1,1,0
3.7,2700.0,52.0,162.0,0,0,0,0,0,1
3.6,2700.0,140.0,239.0,0,0,0,0,0,1
4.0,2700.0,29.0,149.0,1,1,0,1,0,1
3.8,2700.0,37.0,153.0,0,0,0,1,0,1
4.0,2700.0,86.0,126.0,0,0,0,1,0,1
4.2,2600.0,26.0,273.0,1,1,0,1,0,0
3.6,2600.0,99.0,327.0,0,0,1,0,0,1
3.5,2600.0,34.0,173.0,0,0,0,0,0,1
3.7,2600.0,164.0,273.0,0,0,0,0,0,1
3.7,2600.0,14.0,281.0,0,1,0,0,0,0
4.3,2600.0,29.0,74.0,1,0,0,1,1,0
4.2,2600.0,33.0,118.0,0,1,1,1,0,0
3.8,2600.0,92.0,207.0,0,1,0,0,0,1
3.4,2600.0,164.0,141.0,0,0,0,0,0,1
3.8,2600.0,24.0,131.0,0,0,0,0,0,1
3.7,2600.0,3.0,120.0,0,0,0,0,0,1
4.0,2600.0,16.0,149.0,0,1,0,1,1,1
4.1,2500.0,1.0,214.0,1,1,0,0,1,0
3.8,2500.0,27.0,204.0,0,0,0,0,0,1
3.8,2500.0,164.0,241.0,1,0,0,0,0,1
3.5,2500.0,17.0,268.0,0,0,0,0,0,1
3.7,2500.0,25.0,134.0,0,1,0,0,0,1
3.5,2500.0,94.0,178.0,0,0,0,0,0,1
3.6,2500.0,45.0,355.0,0,0,0,0,0,1
3.3,2500.0,86.0,196.0,0,0,0,0,0,1
3.3,2500.0,21.0,116.0,0,0,0,0,0,1
4.2,2400.0,20.0,180.0,1,1,0,1,0,0
3.8,2400.0,18.0,211.0,0,1,0,0,0,1
4.3,2400.0,31.0,94.0,0,1,0,1,1,0
4.3,2400.0,43.0,119.0,0,1,0,1,1,0
3.8,2400.0,67.0,225.0,0,1,0,0,0,1
4.1,2400.0,11.0,201.0,1,1,0,1,0,0
3.9,2400.0,9.0,176.0,0,0,0,0,0,1
4.1,2400.0,138.0,143.0,0,1,0,1,1,1
4.2,2400.0,42.0,162.0,1,1,0,1,0,0
4.1,2400.0,164.0,182.0,1,0,1,0,1,0
4.3,2400.0,47.0,136.0,0,1,0,1,1,0
4.2,2400.0,11.0,252.0,1,1,0,0,1,1
4.1,2400.0,5.0,101.0,0,1,0,1,1,0
3.9,2300.0,29.0,117.0,1,1,0,0,1,1
4.0,2300.0,24.0,140.0,1,0,0,1,1,1
3.7,2300.0,86.0,239.0,1,1,0,0,0,1
4.1,2300.0,4.0,184.0,1,1,0,1,0,0
3.7,2300.0,164.0,240.0,1,0,0,0,0,1
4.1,2300.0,164.0,124.0,0,1,0,1,1,0
4.0,2300.0,25.0,181.0,0,0,1,0,0,0
4.3,2300.0,7.0,192.0,0,1,0,1,1,0
3.8,2300.0,56.0,194.0,0,0,0,1,0,0
4.0,2300.0,6.0,137.0,0,0,0,1,0,0
4.0,2300.0,79.0,168.0,1,0,0,1,1,1
3.9,2300.0,164.0,379.0,0,1,1,0,1,1
4.0,2300.0,20.0,146.0,0,1,0,1,1,0
3.9,2300.0,164.0,81.0,0,0,1,1,0,0
4.0,2200.0,3.0,84.0,0,1,0,1,0,1
4.0,2200.0,26.0,114.0,1,1,0,1,0,1
3.5,2200.0,8.0,238.0,0,0,0,0,0,1
3.6,2200.0,65.0,139.0,0,0,0,0,0,1
4.0,2200.0,22.0,161.0,1,0,0,1,1,1
4.2,2200.0,164.0,259.0,1,0,0,0,1,0
3.9,2200.0,39.0,240.0,1,1,0,0,1,1
4.1,2200.0,7.0,120.0,0,1,0,1,1,1
3.8,2200.0,24.0,96.0,0,0,0,0,0,1
4.0,2200.0,17.0,131.0,0,1,0,1,1,1
4.0,2200.0,48.0,226.0,0,1,1,1,0,1
3.8,2100.0,4.0,164.0,0,0,0,0,0,1
4.0,2100.0,23.0,157.0,0,1,0,1,1,0
4.1,2100.0,81.0,113.0,0,1,0,1,1,0
3.6,2100.0,96.0,270.0,0,0,0,0,0,1
4.1,2100.0,23.0,118.0,0,1,0,1,1,1
4.0,2100.0,15.0,116.0,1,0,1,0,1,0
4.0,2100.0,16.0,64.0,0,1,0,1,1,0
3.4,2100.0,26.0,161.0,0,0,0,0,0,1
3.9,2100.0,10.0,76.0,0,0,0,0,0,1
3.6,2100.0,44.0,219.0,0,0,0,0,0,1
4.0,2100.0,1.0,92.0,1,1,1,0,0,1
3.8,2100.0,81.0,157.0,0,0,0,0,0,1
3.5,2100.0,105.0,328.0,0,0,0,0,0,1
4.2,2100.0,1.0,124.0,0,1,0,1,1,0
3.7,2100.0,3.0,299.0,0,0,0,0,0,1
4.1,2100.0,1.0,154.0,0,1,0,1,0,0
3.7,2100.0,11.0,120.0,0,0,0,0,0,1
3.7,2000.0,15.0,146.0,0,0,0,0,0,1
3.5,2000.0,45.0,162.0,0,0,0,0,0,1
4.0,2000.0,1.0,102.0,1,1,0,0,0,1
4.0,2000.0,153.0,275.0,0,0,1,0,0,0
3.9,2000.0,3.0,124.0,0,0,0,0,0,1
4.0,2000.0,5.0,115.0,1,1,0,0,1,1
3.6,2000.0,7.0,123.0,0,1,0,0,0,1
4.0,2000.0,3.0,114.0,0,0,0,1,0,1
4.1,2000.0,84.0,121.0,1,1,0,1,0,0
3.8,2000.0,1.0,115.0,0,0,0,0,0,1
3.8,2000.0,93.0,167.0,1,0,0,0,1,1
4.2,2000.0,38.0,114.0,0,1,0,1,1,0
4.1,2000.0,18.0,132.0,1,1,1,0,0,1
3.3,2000.0,2.0,64.0,0,0,0,0,0,1
4.1,2000.0,15.0,98.0,1,0,0,1,1,1
3.9,2000.0,32.0,161.0,0,0,1,0,0,1
4.0,2000.0,41.0,125.0,0,1,1,0,1,0
4.1,2000.0,1.0,63.0,1,0,0,1,1,0
3.4,2000.0,61.0,414.0,0,0,1,0,0,1
4.1,1900.0,2.0,99.0,1,0,0,1,1,0
3.7,1900.0,16.0,180.0,0,0,0,0,0,1
4.2,1900.0,27.0,168.0,0,1,1,1,0,0
4.1,1900.0,27.0,144.0,0,0,0,1,1,0
4.2,1900.0,5.0,138.0,0,1,0,1,1,0
4.1,1900.0,6.0,184.0,1,0,1,0,1,1
4.1,1900.0,23.0,106.0,1,1,0,1,0,0
3.9,1900.0,60.0,280.0,1,1,0,0,1,1
3.7,1900.0,2.0,120.0,0,0,0,0,0,1
4.0,1900.0,8.0,76.0,1,0,0,1,1,1
3.4,1900.0,15.0,139.0,0,0,0,0,0,1
4.2,1900.0,6.0,176.0,0,1,0,1,1,0
3.3,1900.0,37.0,211.0,0,0,0,0,0,1
4.3,1900.0,8.0,62.0,0,1,0,1,1,0
3.4,1900.0,17.0,165.0,0,0,0,0,0,1
3.3,1900.0,53.0,239.0,0,0,0,0,0,1
4.3,1900.0,29.0,55.0,0,1,1,0,1,0
3.5,1900.0,62.0,151.0,0,0,0,0,0,1
4.2,1900.0,16.0,161.0,0,1,1,0,1,0
4.0,1800.0,164.0,299.0,1,1,0,0,1,0
4.0,1800.0,9.0,91.0,0,0,1,1,1,0
3.7,1800.0,26.0,103.0,0,1,0,0,0,0
3.9,1800.0,25.0,108.0,0,0,0,1,0,0
4.1,1800.0,16.0,96.0,1,1,1,0,0,0
3.3,1800.0,6.0,191.0,0,0,0,0,0,1
3.8,1800.0,31.0,98.0,0,0,0,0,0,1
3.5,1800.0,24.0,136.0,0,0,0,0,0,1
3.7,1800.0,62.0,133.0,0,0,0,0,0,1
3.8,1800.0,1.0,160.0,0,0,0,0,0,1
4.2,1800.0,74.0,164.0,1,1,0,1,0,0
3.9,1800.0,77.0,184.0,1,1,0,0,1,1
3.5,1800.0,31.0,89.0,0,0,0,0,0,1
3.9,1800.0,9.0,136.0,0,1,0,1,0,0
4.3,1800.0,2.0,72.0,1,0,1,0,1,0
3.9,1800.0,22.0,151.0,1,1,0,0,1,1
4.3,1800.0,16.0,414.0,1,0,1,0,1,0
3.9,1800.0,8.0,136.0,0,1,0,0,0,1
4.0,1800.0,28.0,162.0,1,1,0,0,1,1
4.3,1800.0,15.0,104.0,0,1,0,1,1,0
3.7,1800.0,45.0,343.0,0,0,0,1,0,1
4.0,1700.0,100.0,194.0,1,0,0,1,1,1
3.8,1700.0,55.0,197.0,1,1,0,0,1,1
4.2,1700.0,39.0,99.0,0,0,1,1,1,0
3.8,1700.0,68.0,195.0,0,0,1,0,0,0
3.5,1700.0,12.0,109.0,0,0,0,0,0,1
3.7,1700.0,16.0,86.0,0,0,1,0,0,0
3.9,1700.0,164.0,194.0,0,1,1,1,0,0
3.7,1700.0,41.0,102.0,0,0,0,0,0,1
4.0,1700.0,56.0,67.0,1,0,0,1,1,1
3.9,1700.0,1.0,72.0,0,0,0,1,0,1
3.9,1700.0,9.0,59.0,0,1,1,0,0,0
3.9,1700.0,33.0,113.0,0,1,0,1,0,1
4.1,1700.0,1.0,146.0,0,1,0,1,1,0
4.1,1700.0,7.0,85.0,1,1,0,0,1,1
3.3,1700.0,33.0,177.0,0,0,0,0,0,1
3.7,1700.0,11.0,102.0,0,0,0,0,0,1
3.9,1700.0,43.0,83.0,0,0,0,1,0,0
4.2,1700.0,33.0,379.0,1,0,0,1,1,0
3.9,1700.0,20.0,141.0,0,1,1,1,0,0
4.0,1700.0,43.0,93.0,0,1,0,1,1,1
3.9,1700.0,13.0,113.0,1,0,0,0,0,0
3.9,1700.0,2.0,94.0,0,0,0,1,0,1
3.8,1700.0,20.0,95.0,0,0,0,0,0,1
3.9,1700.0,35.0,118.0,1,1,0,0,1,1
4.1,1700.0,164.0,96.0,0,0,1,1,0,0
3.8,1700.0,2.0,98.0,0,0,0,0,0,0
3.6,1700.0,24.0,81.0,0,0,0,0,0,1
3.4,1600.0,23.0,157.0,0,0,0,0,0,1
4.0,1600.0,4.0,414.0,1,1,1,0,0,0
4.1,1600.0,103.0,114.0,0,0,1,1,1,0
4.1,1600.0,21.0,84.0,1,0,0,1,1,1
3.9,1600.0,11.0,97.0,1,1,0,0,0,1
3.9,1600.0,5.0,124.0,0,0,0,0,0,1
3.9,1600.0,17.0,109.0,0,1,0,0,0,1
3.6,1600.0,2.0,112.0,0,0,0,0,0,1
3.7,1600.0,4.0,126.0,0,0,0,0,0,1
3.8,1600.0,9.0,51.0,0,0,0,0,0,1
3.7,1600.0,18.0,104.0,0,1,0,0,0,1
3.8,1600.0,4.0,69.0,0,0,0,0,0,1
4.2,1600.0,2.0,101.0,0,1,1,0,1,0
4.0,1600.0,4.0,68.0,0,1,0,1,1,1
4.1,1600.0,91.0,92.0,1,1,0,0,1,1
4.1,1600.0,6.0,89.0,1,1,0,0,1,1
4.2,1600.0,164.0,291.0,1,1,0,0,1,0
3.8,1600.0,80.0,171.0,0,0,1,0,0,0
3.7,1600.0,164.0,293.0,0,0,1,0,0,1
3.7,1600.0,164.0,293.0,0,0,1,0,0,1
3.7,1600.0,7.0,101.0,0,0,0,0,0,1
4.1,1600.0,12.0,62.0,0,1,0,1,1,1
4.2,1600.0,14.0,97.0,0,1,0,1,1,0
3.8,1600.0,31.0,118.0,1,1,0,0,1,1
3.7,1600.0,103.0,88.0,0,0,0,0,0,1
3.9,1600.0,16.0,112.0,0,1,0,1,0,1
3.9,1600.0,21.0,116.0,0,1,0,1,0,1
3.9,1500.0,33.0,146.0,1,0,0,1,1,0
3.8,1500.0,14.0,235.0,1,1,0,0,0,1
4.1,1500.0,4.0,61.0,1,0,0,1,1,0
3.9,1500.0,31.0,120.0,1,1,0,0,1,1
3.7,1500.0,1.0,88.0,0,0,0,0,0,1
3.7,1500.0,37.0,90.0,0,0,0,0,0,1
3.4,1500.0,93.0,247.0,0,0,0,0,0,1
4.3,1500.0,164.0,107.0,1,0,0,0,1,0
4.3,1500.0,28.0,79.0,1,1,0,0,1,0
3.8,1500.0,86.0,134.0,0,0,0,0,0,1
3.8,1500.0,164.0,135.0,1,0,0,0,1,1
3.9,1500.0,1.0,89.0,0,1,0,0,0,1
4.0,1500.0,2.0,68.0,0,1,0,1,1,1
3.6,1500.0,164.0,178.0,0,1,0,0,0,1
3.8,1500.0,14.0,119.0,0,1,0,0,0,1
4.0,1500.0,3.0,139.0,1,1,0,0,1,0
3.9,1500.0,6.0,110.0,0,0,0,0,0,0
4.0,1500.0,6.0,81.0,0,0,1,0,0,0
4.1,1500.0,164.0,134.0,1,0,1,0,1,1
4.0,1500.0,7.0,237.0,1,0,0,1,0,0
3.8,1500.0,24.0,100.0,0,1,0,0,0,1
3.8,1500.0,61.0,77.0,0,0,0,0,0,1
4.2,1500.0,26.0,120.0,0,1,0,1,1,0
4.1,1500.0,5.0,104.0,1,1,0,0,1,1
3.7,1500.0,8.0,107.0,0,0,0,0,0,1
4.1,1500.0,16.0,60.0,1,1,1,0,0,1
4.3,1500.0,13.0,84.0,1,0,0,1,1,0
3.4,1500.0,18.0,186.0,0,0,0,0,0,1
4.0,1500.0,1.0,94.0,1,1,0,0,1,1
3.9,1500.0,27.0,141.0,1,1,0,0,1,1
3.9,1400.0,41.0,84.0,1,0,0,0,0,1
3.8,1400.0,32.0,55.0,0,0,0,0,0,1
4.0,1400.0,164.0,93.0,0,0,0,1,1,0
4.0,1400.0,29.0,165.0,0,1,0,1,1,1
3.9,1400.0,66.0,150.0,1,0,1,0,1,1
3.5,1400.0,164.0,116.0,0,0,0,0,0,1
4.2,1400.0,19.0,104.0,1,1,0,0,1,0
3.5,1400.0,29.0,133.0,0,0,0,0,0,1
4.3,1400.0,13.0,65.0,1,0,1,0,1,0
4.2,1400.0,34.0,125.0,1,0,1,1,0,0
3.4,1400.0,92.0,156.0,0,0,0,0,0,1
4.2,1400.0,53.0,56.0,1,1,0,1,0,0
3.8,1400.0,35.0,173.0,0,0,0,0,0,1
3.9,1400.0,164.0,181.0,1,1,0,0,1,1
4.1,1400.0,8.0,100.0,0,1,0,1,1,0
4.0,1400.0,130.0,108.0,1,1,0,0,1,1
3.6,1400.0,42.0,105.0,0,0,0,0,0,1
4.2,1400.0,8.0,87.0,0,1,1,1,0,0
3.7,1400.0,28.0,82.0,0,0,0,0,0,1
3.9,1400.0,68.0,70.0,1,1,0,0,1,1
4.3,1400.0,7.0,81.0,1,1,0,0,1,0
3.5,1400.0,88.0,97.0,0,0,0,0,0,1
4.0,1400.0,4.0,67.0,0,1,1,0,1,0
3.7,1400.0,119.0,290.0,0,0,0,0,0,1
4.0,1400.0,14.0,92.0,0,1,0,1,1,1
3.8,1400.0,70.0,74.0,0,0,0,0,0,0
4.2,1400.0,4.0,93.0,1,1,0,0,1,0
3.7,1400.0,17.0,157.0,0,0,0,0,0,1
3.9,1400.0,48.0,121.0,1,0,1,0,1,0
3.6,1400.0,22.0,46.0,0,0,0,0,0,1
4.1,1400.0,12.0,149.0,1,0,0,1,1,1
3.8,1400.0,6.0,116.0,1,1,0,0,0,1
4.2,1400.0,1.0,128.0,1,1,0,0,1,0
3.4,1400.0,70.0,163.0,0,0,0,0,0,1
3.7,1400.0,7.0,83.0,0,0,0,0,0,1
3.9,1400.0,151.0,170.0,0,1,1,0,0,0
3.9,1400.0,17.0,171.0,1,1,0,0,1,1
3.9,1400.0,5.0,153.0,1,1,0,1,0,1
3.3,1400.0,10.0,97.0,0,0,0,0,0,1
4.3,1400.0,6.0,28.0,0,0,0,1,1,0
4.1,1400.0,16.0,97.0,0,1,1,1,0,0
4.0,1400.0,14.0,84.0,1,0,1,0,1,1
4.1,1400.0,22.0,120.0,1,0,1,0,1,0
4.1,1400.0,11.0,70.0,1,0,0,1,1,0
4.0,1300.0,10.0,115.0,0,0,1,1,0,0
3.9,1300.0,27.0,190.0,1,1,0,0,1,1
3.9,1300.0,13.0,79.0,1,1,0,0,1,1
3.3,1300.0,5.0,106.0,0,0,0,0,0,0
4.0,1300.0,17.0,83.0,1,1,0,0,1,1
3.9,1300.0,19.0,105.0,0,1,0,1,0,1
4.2,1300.0,19.0,109.0,1,0,0,1,1,0
3.9,1300.0,3.0,48.0,1,0,0,1,1,1
4.2,1300.0,19.0,93.0,1,1,0,0,1,0
4.1,1300.0,16.0,82.0,0,1,0,1,1,0
4.0,1300.0,3.0,94.0,0,1,0,0,0,0
4.0,1300.0,10.0,49.0,1,0,1,0,1,0
3.3,1300.0,3.0,118.0,0,0,0,0,0,1
4.0,1300.0,34.0,195.0,1,1,0,0,1,1
4.1,1300.0,17.0,59.0,1,0,0,1,1,0
4.2,1300.0,127.0,105.0,1,0,1,0,1,0
4.1,1300.0,3.0,91.0,1,0,0,1,1,0
3.8,1300.0,1.0,68.0,0,1,0,0,0,1
3.6,1300.0,62.0,127.0,0,0,0,0,0,1
4.1,1300.0,17.0,55.0,1,1,0,0,1,0
3.4,1300.0,164.0,131.0,0,0,0,0,0,1
3.4,1300.0,13.0,75.0,0,0,0,0,0,1
4.0,1300.0,43.0,58.0,1,1,0,0,1,1
4.3,1300.0,19.0,52.0,1,1,0,0,1,0
3.9,1300.0,22.0,104.0,0,1,0,0,0,1
3.8,1300.0,42.0,68.0,1,1,0,0,1,1
4.1,1300.0,24.0,71.0,0,1,1,1,0,0
4.3,1300.0,4.0,191.0,1,0,1,0,1,0
4.3,1300.0,110.0,91.0,1,1,0,0,1,0
4.3,1300.0,34.0,49.0,1,0,0,1,1,0
3.3,1300.0,29.0,172.0,0,0,0,0,0,0
3.3,1300.0,11.0,92.0,0,0,1,0,0,0
4.1,1300.0,37.0,87.0,1,0,1,1,0,0
3.6,1300.0,58.0,97.0,0,0,0,0,0,1
3.8,1300.0,1.0,56.0,0,0,0,0,0,1
4.2,1300.0,68.0,72.0,0,1,0,1,1,0
3.8,1300.0,45.0,153.0,0,0,0,0,0,1
4.1,1200.0,35.0,90.0,0,1,0,1,1,0
4.2,1200.0,42.0,75.0,0,1,0,1,1,0
4.0,1200.0,7.0,58.0,0,1,0,1,1,1
3.7,1200.0,49.0,414.0,1,0,1,1,0,1
4.0,1200.0,8.0,139.0,1,1,0,1,0,1
3.3,1200.0,2.0,61.0,0,0,0,0,0,1
4.2,1200.0,23.0,51.0,1,1,0,1,0,0
4.0,1200.0,7.0,83.0,1,1,0,0,0,1
3.7,1200.0,18.0,75.0,0,1,0,0,0,1
3.9,1200.0,87.0,113.0,1,1,0,0,1,1
3.6,1200.0,19.0,177.0,0,1,0,0,0,0
3.6,1200.0,21.0,109.0,0,0,0,0,0,1
4.2,1200.0,1.0,42.0,0,1,0,1,1,0
3.6,1200.0,15.0,62.0,0,0,0,0,0,1
3.6,1200.0,35.0,77.0,0,0,0,0,0,1
3.9,1200.0,6.0,73.0,0,1,0,0,0,1
3.8,1200.0,5.0,81.0,0,0,0,0,0,1
4.2,1200.0,10.0,56.0,0,1,1,0,1,1
3.9,1200.0,29.0,74.0,1,0,0,1,1,0
3.4,1200.0,30.0,51.0,0,0,0,0,0,1
4.3,1200.0,106.0,73.0,0,1,0,1,1,0
3.7,1200.0,18.0,69.0,0,0,1,0,0,0
4.0,1200.0,7.0,79.0,0,1,0,1,1,1
4.2,1200.0,13.0,56.0,1,0,1,0,1,0
4.0,1200.0,61.0,86.0,1,1,0,0,1,1
3.6,1200.0,164.0,132.0,0,0,0,0,0,1
4.1,1200.0,5.0,80.0,1,0,0,1,1,0
3.9,1200.0,77.0,61.0,1,1,0,0,1,1
3.9,1200.0,58.0,58.0,0,1,0,1,1,1
3.5,1200.0,14.0,93.0,0,0,0,0,0,1
4.3,1200.0,164.0,70.0,0,1,0,1,1,0
3.8,1200.0,4.0,108.0,0,0,0,0,0,1
3.7,1200.0,25.0,125.0,0,0,0,0,1,1
3.9,1200.0,66.0,19.0,1,1,0,1,0,0
3.9,1200.0,1.0,82.0,0,1,0,1,0,1
4.0,1200.0,9.0,62.0,0,0,0,1,1,1
4.2,1200.0,63.0,72.0,1,1,0,0,1,0
4.0,1200.0,6.0,84.0,1,1,0,1,0,1
4.0,1100.0,84.0,85.0,1,1,0,0,1,1
3.4,1100.0,6.0,91.0,0,0,0,0,0,1
3.5,1100.0,5.0,130.0,0,0,0,0,0,1
4.0,1100.0,8.0,48.0,1,0,1,0,1,0
4.3,1100.0,6.0,60.0,1,1,0,0,1,0
3.7,1100.0,1.0,85.0,0,0,0,0,0,1
4.2,1100.0,17.0,47.0,1,1,0,0,1,0
4.3,1100.0,12.0,43.0,0,0,1,1,0,0
4.2,1100.0,32.0,56.0,1,1,0,1,0,0
3.9,1100.0,1.0,123.0,0,0,0,0,0,1
4.1,1100.0,5.0,59.0,1,1,0,0,1,1
3.8,1100.0,3.0,414.0,1,0,0,0,1,0
3.9,1100.0,63.0,60.0,1,0,0,1,1,0
3.9,1100.0,6.0,62.0,0,1,0,0,0,1
3.3,1100.0,76.0,128.0,0,0,0,0,0,1
4.0,1100.0,52.0,127.0,1,1,0,0,1,1
3.8,1100.0,7.0,70.0,0,0,0,0,0,1
4.3,1100.0,100.0,160.0,1,1,0,0,1,0
3.6,1100.0,164.0,391.0,0,0,0,0,0,1
4.2,1100.0,29.0,77.0,1,1,1,0,0,0
3.5,1100.0,3.0,96.0,0,0,0,0,0,1
3.3,1100.0,27.0,105.0,0,0,0,0,0,1
4.3,1100.0,164.0,68.0,1,0,0,1,1,0
4.1,1100.0,3.0,65.0,1,1,0,1,0,0
4.1,1100.0,38.0,78.0,1,0,1,0,1,1
3.6,1100.0,16.0,119.0,0,0,0,0,0,1
3.4,1100.0,23.0,54.0,0,1,0,0,0,0
4.1,1100.0,29.0,51.0,1,0,0,1,1,0
4.0,1100.0,10.0,75.0,1,1,0,1,0,0
4.1,1100.0,31.0,79.0,0,1,1,0,1,0
4.1,1100.0,16.0,62.0,1,0,1,1,0,0
3.6,1100.0,6.0,91.0,0,0,0,0,0,1
4.3,1100.0,3.0,61.0,0,1,1,0,1,0
4.3,1100.0,1.0,63.0,0,0,0,1,1,0
3.4,1100.0,2.0,127.0,0,0,0,0,0,1
3.6,1100.0,2.0,63.0,0,0,0,0,0,1
3.6,1100.0,21.0,37.0,0,0,0,0,0,1
4.3,1100.0,26.0,99.0,1,0,0,1,1,0
3.9,1100.0,15.0,70.0,0,1,0,1,0,1
4.0,1100.0,4.0,69.0,1,0,0,0,1,1
4.0,1100.0,4.0,67.0,0,1,0,1,0,0
3.3,1100.0,52.0,67.0,0,0,0,0,0,1
3.9,1100.0,6.0,50.0,1,1,0,1,0,1
4.1,1100.0,16.0,45.0,1,1,0,0,1,0
3.6,1100.0,38.0,90.0,0,1,0,0,0,1
4.0,1100.0,24.0,84.0,1,1,1,0,0,0
3.9,1100.0,26.0,43.0,0,0,0,1,0,0
3.8,1100.0,1.0,53.0,0,0,0,0,0,1
3.7,1100.0,25.0,136.0,0,0,0,0,0,1
4.1,1100.0,3.0,112.0,1,1,0,0,1,0
4.3,1100.0,49.0,152.0,1,0,1,0,1,0
3.3,1100.0,9.0,60.0,0,0,0,0,0,1
4.3,1100.0,16.0,81.0,1,1,0,0,1,0
3.8,1100.0,113.0,67.0,0,0,0,0,0,1
3.6,1100.0,4.0,63.0,0,0,0,0,0,1
3.9,1100.0,8.0,29.0,1,1,0,0,1,1
3.9,1100.0,26.0,81.0,0,1,0,0,0,1
3.7,1100.0,26.0,71.0,0,0,0,0,0,1
4.2,1100.0,13.0,75.0,1,1,1,0,0,0
3.8,1100.0,28.0,89.0,1,0,0,0,0,1
4.0,1100.0,12.0,72.0,1,0,0,0,1,1
3.9,1100.0,23.0,70.0,0,0,1,1,1,0
3.5,1100.0,164.0,128.0,0,0,0,0,0,1
3.7,1100.0,1.0,81.0,0,1,0,0,0,1
3.6,1100.0,3.0,49.0,0,0,0,0,0,1
3.6,1100.0,29.0,97.0,0,0,0,0,0,1
4.3,1000.0,8.0,72.0,1,0,0,1,1,0
4.0,1000.0,9.0,66.0,0,0,1,1,1,0
4.0,1000.0,10.0,48.0,1,0,0,0,1,1
3.7,1000.0,10.0,54.0,0,0,0,0,0,1
3.7,1000.0,4.0,62.0,0,0,0,0,0,1
3.5,1000.0,45.0,145.0,0,0,0,0,0,1
3.6,1000.0,55.0,91.0,0,0,0,0,0,1
4.0,1000.0,13.0,69.0,0,0,1,1,1,0
4.0,1000.0,26.0,79.0,1,0,0,1,1,0
4.3,1000.0,30.0,67.0,1,1,0,0,1,0
3.7,1000.0,14.0,83.0,0,0,0,0,0,1
3.6,1000.0,122.0,110.0,0,0,0,0,0,1
3.5,1000.0,3.0,103.0,0,0,0,0,0,1
3.9,1000.0,26.0,56.0,1,0,0,0,0,1
4.0,1000.0,8.0,49.0,0,1,0,1,1,0
3.9,1000.0,5.0,67.0,0,0,1,1,0,0
3.9,1000.0,9.0,75.0,0,0,1,1,0,1
3.3,1000.0,2.0,121.0,0,0,0,0,0,1
4.1,1000.0,6.0,97.0,0,1,0,1,0,0
4.3,1000.0,10.0,38.0,1,0,0,1,1,0
3.3,1000.0,7.0,75.0,0,0,0,0,0,1
4.0,1000.0,1.0,47.0,1,0,0,0,0,1
4.2,1000.0,29.0,63.0,1,1,0,1,0,0
4.0,1000.0,10.0,36.0,1,1,0,0,1,0
4.0,1000.0,68.0,100.0,1,1,0,0,1,1
3.9,1000.0,31.0,45.0,0,0,0,0,0,1
3.9,1000.0,25.0,81.0,0,1,0,1,0,1
3.9,1000.0,3.0,50.0,1,0,1,0,0,1
3.9,1000.0,21.0,41.0,1,0,0,0,0,1
3.9,1000.0,59.0,234.0,1,1,0,0,1,1
4.2,997.0,13.0,63.0,0,1,0,1,1,0
4.2,995.0,83.0,76.0,0,1,0,1,1,0
3.7,993.0,96.0,63.0,0,0,0,0,0,1
4.2,990.0,2.0,64.0,1,1,0,0,1,0
4.0,986.0,14.0,55.0,0,1,1,1,0,0
3.8,986.0,3.0,106.0,0,0,0,0,0,1
4.0,984.0,164.0,242.0,1,1,0,0,1,0
3.8,983.0,2.0,48.0,0,1,0,0,0,1
3.8,982.0,1.0,64.0,0,0,0,0,0,1
4.2,979.0,2.0,77.0,1,1,0,0,1,0
4.2,978.0,4.0,60.0,1,1,0,0,1,0
3.5,976.0,43.0,126.0,0,0,0,0,0,1
4.0,975.0,1.0,52.0,1,1,0,0,0,1
4.1,974.0,31.0,61.0,1,0,0,1,1,1
4.0,969.0,29.0,108.0,1,1,0,0,1,1
4.3,969.0,44.0,79.0,1,0,0,1,1,0
3.9,969.0,62.0,96.0,0,1,0,1,1,1
4.2,968.0,5.0,28.0,1,0,0,1,1,0
3.8,968.0,19.0,41.0,0,0,0,0,0,1
4.2,966.0,1.0,66.0,0,1,1,0,1,0
4.1,963.0,164.0,100.0,1,1,0,0,1,0
4.2,963.0,2.0,34.0,0,1,1,0,1,0
4.2,962.0,54.0,38.0,1,0,0,1,1,1
3.5,962.0,50.0,106.0,0,0,0,0,0,1
3.4,962.0,25.0,60.0,0,0,0,0,0,1
3.9,961.0,9.0,48.0,1,0,0,0,0,1
4.3,961.0,41.0,209.0,1,0,0,0,1,0
4.1,959.0,164.0,73.0,1,1,0,0,1,1
3.4,956.0,164.0,83.0,0,0,0,0,0,1
4.3,956.0,58.0,55.0,0,1,1,0,1,0
4.1,955.0,15.0,81.0,1,1,0,0,1,1
3.9,953.0,29.0,54.0,0,0,0,0,0,1
3.3,953.0,23.0,104.0,0,0,0,0,0,1
4.1,952.0,1.0,42.0,1,1,0,0,0,1
4.2,950.0,19.0,60.0,1,1,0,0,1,0
3.9,948.0,8.0,67.0,0,1,0,1,0,0
3.8,947.0,4.0,56.0,0,0,0,0,0,1
3.8,947.0,6.0,122.0,0,0,0,0,1,1
3.7,945.0,23.0,64.0,0,0,0,0,0,1
3.8,944.0,21.0,153.0,1,0,0,0,1,1
3.3,944.0,37.0,124.0,0,0,0,0,0,1
4.3,942.0,4.0,59.0,0,1,0,1,1,0
3.9,941.0,1.0,58.0,0,0,0,0,0,1
3.6,941.0,11.0,90.0,0,0,0,0,0,1
3.8,941.0,43.0,196.0,1,0,1,0,1,1
3.8,939.0,7.0,77.0,0,0,0,0,0,1
3.8,939.0,5.0,52.0,0,0,0,0,0,0
3.4,936.0,84.0,130.0,0,1,0,0,0,1
4.1,930.0,15.0,70.0,1,0,0,1,1,0
3.4,927.0,36.0,118.0,0,0,0,0,0,1
3.8,923.0,7.0,114.0,1,1,0,0,0,1
3.3,919.0,1.0,156.0,0,0,0,0,0,0
3.9,917.0,5.0,40.0,1,0,1,1,0,0
4.0,911.0,8.0,60.0,0,0,0,1,0,1
3.9,911.0,2.0,69.0,1,1,0,1,0,1
3.9,909.0,8.0,32.0,0,1,1,1,0,0
3.7,908.0,11.0,44.0,0,0,0,0,0,1
4.1,907.0,5.0,72.0,1,0,1,1,0,0
3.5,906.0,9.0,61.0,0,0,0,0,0,1
4.0,906.0,4.0,49.0,0,0,0,0,0,0
4.0,903.0,23.0,60.0,0,1,1,0,0,1
4.3,902.0,4.0,31.0,1,0,0,1,1,0
3.7,899.0,42.0,39.0,0,0,0,0,0,1
3.5,899.0,10.0,110.0,0,0,0,0,0,1
4.3,898.0,24.0,40.0,1,0,0,0,1,0
4.0,897.0,2.0,45.0,1,1,0,1,0,1
3.6,896.0,13.0,53.0,0,0,0,0,0,1
3.7,894.0,23.0,64.0,0,0,0,0,0,1
3.8,892.0,1.0,24.0,0,0,0,0,0,1
3.6,890.0,21.0,73.0,0,0,0,0,0,1
4.2,889.0,9.0,61.0,0,1,0,1,1,0
3.9,888.0,112.0,257.0,0,0,1,0,0,0
3.8,887.0,5.0,44.0,0,0,0,0,0,1
3.8,885.0,32.0,57.0,1,1,0,0,0,1
4.0,880.0,34.0,71.0,1,1,0,1,0,1
4.2,879.0,13.0,67.0,1,0,1,0,1,0
4.1,877.0,40.0,78.0,1,1,0,0,1,0
3.9,877.0,3.0,54.0,0,1,0,0,0,1
4.3,871.0,1.0,92.0,1,1,0,0,1,0
3.7,870.0,8.0,50.0,0,0,0,0,0,1
3.3,870.0,21.0,159.0,0,0,0,0,0,1
4.3,870.0,11.0,70.0,0,0,1,1,1,0
3.9,869.0,97.0,196.0,1,0,1,0,1,1
4.1,869.0,10.0,68.0,1,1,0,0,1,1
3.9,867.0,11.0,71.0,0,1,0,0,1,1
3.9,867.0,43.0,154.0,1,0,0,0,1,1
3.9,866.0,5.0,73.0,0,0,0,0,0,0
4.3,866.0,30.0,58.0,1,0,0,1,1,0
4.0,864.0,2.0,68.0,1,0,0,0,0,1
3.3,862.0,22.0,75.0,0,0,0,0,0,1
3.7,862.0,12.0,59.0,0,0,0,0,0,1
3.9,861.0,2.0,56.0,0,0,0,0,0,0
4.3,860.0,12.0,46.0,1,0,0,0,1,0
3.5,860.0,73.0,68.0,0,0,0,0,0,1
4.1,859.0,21.0,52.0,1,0,0,0,1,0
3.7,858.0,47.0,42.0,0,0,0,0,0,1
4.0,858.0,9.0,56.0,0,1,0,0,0,1
4.3,855.0,11.0,40.0,1,0,1,0,1,0
4.0,855.0,4.0,57.0,0,0,0,1,0,1
3.3,854.0,23.0,71.0,0,0,0,0,0,1
3.9,854.0,7.0,71.0,0,0,0,1,0,1
4.0,853.0,16.0,32.0,0,1,0,1,1,0
3.7,850.0,16.0,91.0,0,0,0,0,0,1
3.9,849.0,5.0,60.0,0,0,1,0,0,1
3.8,847.0,3.0,37.0,0,0,0,0,0,1
3.8,847.0,19.0,56.0,0,0,0,0,0,1
4.0,842.0,21.0,57.0,0,0,0,0,0,0
3.3,841.0,5.0,85.0,0,0,0,0,0,1
3.7,841.0,25.0,55.0,0,0,0,0,0,1
3.3,840.0,20.0,86.0,0,0,0,0,0,1
3.4,839.0,23.0,68.0,0,0,0,0,0,1
4.1,835.0,10.0,38.0,0,1,1,1,0,0
4.1,835.0,98.0,61.0,1,0,1,0,1,1
3.9,833.0,24.0,58.0,0,1,1,0,0,1
4.2,832.0,3.0,56.0,1,1,0,0,1,0
3.8,827.0,13.0,101.0,0,0,0,0,0,1
4.3,824.0,4.0,34.0,1,1,0,0,1,0
4.3,824.0,1.0,44.0,0,1,0,1,1,0
3.7,824.0,74.0,161.0,0,0,0,0,0,1
4.2,824.0,18.0,60.0,1,0,0,1,1,1
3.8,824.0,1.0,48.0,0,0,0,0,0,1
4.0,823.0,28.0,55.0,1,1,0,0,1,1
4.0,822.0,164.0,83.0,0,1,1,0,1,1
4.1,822.0,6.0,54.0,0,0,0,1,1,1
4.1,821.0,13.0,52.0,1,0,1,0,1,0
4.1,820.0,2.0,82.0,0,1,1,1,0,0
3.7,818.0,36.0,67.0,0,0,0,0,0,1
3.9,814.0,8.0,56.0,0,0,0,0,0,1
3.8,814.0,1.0,96.0,0,0,0,0,0,1
4.2,814.0,14.0,30.0,1,1,0,0,1,1
3.4,813.0,4.0,51.0,0,0,0,0,0,0
3.9,813.0,5.0,64.0,1,0,0,1,0,1
3.9,810.0,10.0,64.0,1,1,1,0,0,1
4.3,809.0,28.0,30.0,1,0,0,1,1,0
4.0,809.0,25.0,43.0,0,1,0,1,0,1
4.1,808.0,1.0,26.0,0,0,1,1,1,0
3.3,807.0,24.0,69.0,0,0,0,0,0,1
3.6,807.0,4.0,24.0,0,0,0,0,0,1
3.8,807.0,8.0,37.0,0,0,0,0,0,0
3.5,802.0,10.0,69.0,0,0,0,0,0,0
3.9,801.0,2.0,52.0,0,1,0,0,0,1
3.7,798.0,73.0,96.0,0,1,0,0,0,1
4.3,798.0,14.0,30.0,1,0,0,0,1,0
3.7,796.0,14.0,115.0,0,0,0,0,0,1
4.1,795.0,15.0,44.0,0,1,0,1,0,1
3.8,795.0,13.0,82.0,0,1,0,1,0,1
3.8,794.0,33.0,83.0,1,0,0,0,0,1
4.1,794.0,20.0,45.0,0,1,0,1,0,0
3.9,794.0,8.0,50.0,0,1,0,0,0,1
4.1,793.0,164.0,256.0,1,0,1,0,1,0
3.9,792.0,5.0,38.0,0,0,0,0,0,1
4.1,792.0,4.0,19.0,1,0,0,1,1,0
3.8,790.0,18.0,80.0,0,1,0,0,0,1
4.1,788.0,35.0,62.0,1,1,0,0,1,0
4.2,786.0,1.0,52.0,1,1,0,0,1,0
4.1,785.0,1.0,35.0,1,1,0,1,0,1
3.7,785.0,9.0,33.0,1,0,0,0,0,1
4.0,783.0,11.0,57.0,0,0,1,1,1,1
4.2,783.0,1.0,148.0,1,0,1,0,1,0
3.5,782.0,3.0,41.0,0,0,0,0,0,1
3.8,781.0,8.0,69.0,1,1,0,0,1,1
3.6,781.0,1.0,80.0,0,0,0,0,0,1
3.3,779.0,14.0,65.0,0,0,0,0,0,1
4.1,777.0,13.0,121.0,1,0,0,1,1,1
4.1,776.0,5.0,27.0,0,0,1,1,1,0
3.9,776.0,150.0,110.0,0,1,0,1,1,1
3.9,775.0,67.0,54.0,1,1,0,0,1,1
4.2,775.0,142.0,48.0,1,1,0,0,1,0
4.1,771.0,1.0,54.0,1,1,0,1,0,1
3.3,771.0,1.0,115.0,0,0,0,0,0,1
3.9,770.0,73.0,41.0,0,0,0,1,0,0
3.3,769.0,74.0,125.0,0,0,0,0,0,1
4.1,768.0,1.0,56.0,1,1,0,1,0,0
4.2,768.0,1.0,65.0,0,1,0,1,1,0
4.2,766.0,9.0,24.0,1,0,0,0,1,0
3.3,766.0,26.0,74.0,0,0,0,0,0,1
4.2,766.0,1.0,58.0,1,1,0,0,1,0
3.6,763.0,3.0,49.0,0,0,0,0,0,0
4.2,763.0,1.0,54.0,1,1,0,1,0,0
4.0,762.0,4.0,37.0,0,0,0,1,1,1
3.7,762.0,1.0,52.0,0,0,0,1,0,1
3.5,761.0,51.0,81.0,0,0,0,0,0,1
3.3,761.0,89.0,121.0,0,0,0,0,0,1
3.3,759.0,15.0,79.0,0,0,0,0,0,1
4.1,758.0,10.0,24.0,1,0,0,0,1,1
3.7,758.0,29.0,46.0,0,1,0,0,0,1
4.3,758.0,102.0,43.0,1,0,0,0,1,0
3.8,756.0,1.0,39.0,0,0,0,0,0,1
4.1,756.0,32.0,61.0,1,1,0,0,1,0
3.7,755.0,48.0,39.0,0,0,0,0,0,1
4.3,754.0,7.0,56.0,0,1,0,1,1,0
3.5,753.0,11.0,38.0,0,0,0,0,0,1
4.0,751.0,2.0,70.0,0,0,1,1,0,1
3.3,751.0,21.0,80.0,0,0,0,0,0,1
4.0,749.0,45.0,46.0,1,1,0,0,1,1
4.0,748.0,1.0,47.0,1,1,0,0,0,1
3.7,747.0,16.0,68.0,0,0,0,0,0,1
4.1,744.0,3.0,48.0,1,0,0,0,1,0
4.1,743.0,12.0,40.0,1,0,0,1,1,0
4.1,742.0,29.0,79.0,1,1,0,1,0,0
3.9,739.0,68.0,159.0,1,0,1,0,1,1
3.3,738.0,5.0,53.0,0,0,1,0,0,1
3.9,737.0,34.0,49.0,0,0,1,0,0,1
3.5,733.0,10.0,113.0,0,0,0,0,0,1
4.0,733.0,12.0,42.0,1,1,0,0,0,1
3.6,733.0,4.0,52.0,0,0,0,0,0,1
4.2,732.0,2.0,116.0,1,1,0,0,1,1
4.0,732.0,7.0,51.0,1,0,0,0,0,1
4.1,732.0,23.0,57.0,1,1,0,1,0,0
4.0,732.0,43.0,44.0,1,0,0,0,1,0
3.7,731.0,30.0,58.0,0,0,0,0,0,1
3.9,731.0,5.0,26.0,0,0,0,0,0,0
3.3,731.0,10.0,82.0,0,0,0,0,0,1
3.6,730.0,2.0,47.0,0,0,0,0,0,1
4.0,730.0,111.0,46.0,1,1,0,0,1,1
3.6,730.0,5.0,30.0,0,0,0,0,0,1
4.1,729.0,4.0,47.0,1,1,0,1,0,1
4.0,729.0,1.0,49.0,1,1,0,1,0,1
4.1,728.0,6.0,40.0,1,1,0,0,1,1
4.0,728.0,6.0,48.0,1,0,0,0,0,1
4.1,728.0,4.0,31.0,0,1,0,1,1,0
3.3,727.0,1.0,111.0,0,0,0,0,0,1
3.8,727.0,2.0,55.0,0,0,0,0,0,1
4.0,726.0,72.0,178.0,1,1,0,0,1,1
3.3,725.0,27.0,79.0,0,0,0,0,0,1
4.1,724.0,2.0,46.0,1,1,0,0,1,1
3.8,724.0,164.0,31.0,1,0,0,0,0,0
3.3,722.0,10.0,174.0,0,0,0,0,0,1
4.1,722.0,1.0,30.0,1,1,0,0,1,1
3.7,721.0,10.0,60.0,0,0,0,0,0,1
4.0,720.0,1.0,61.0,1,1,1,0,0,1
3.5,720.0,125.0,199.0,0,0,0,0,0,1
4.3,719.0,52.0,42.0,0,1,0,1,1,0
3.4,718.0,13.0,65.0,0,0,0,0,0,1
4.1,716.0,6.0,72.0,1,0,1,0,1,0
4.1,715.0,6.0,42.0,1,1,0,0,0,0
3.6,714.0,5.0,54.0,0,0,0,0,0,1
3.5,714.0,2.0,19.0,0,0,0,0,0,1
4.1,712.0,4.0,32.0,0,1,0,1,1,1
3.4,710.0,8.0,70.0,0,0,0,0,0,1
4.2,710.0,4.0,73.0,1,1,0,0,1,0
3.9,708.0,11.0,43.0,0,1,0,0,0,1
3.3,706.0,6.0,49.0,0,0,0,0,0,1
4.0,705.0,1.0,61.0,0,0,1,0,1,0
3.3,705.0,14.0,45.0,0,0,0,0,0,1
3.6,703.0,13.0,23.0,0,0,0,0,0,1
3.6,699.0,2.0,59.0,0,0,0,0,0,0
3.3,698.0,8.0,56.0,0,0,0,0,0,1
4.1,698.0,32.0,60.0,1,1,0,0,1,0
4.0,698.0,61.0,69.0,1,1,0,0,1,1
3.9,697.0,4.0,75.0,1,1,0,0,0,1
3.9,697.0,5.0,41.0,0,0,0,0,0,1
3.9,697.0,17.0,25.0,0,1,0,1,0,1
4.1,697.0,7.0,77.0,1,1,0,0,1,1
4.0,694.0,39.0,51.0,1,1,0,0,1,1
3.8,693.0,1.0,36.0,0,1,0,0,0,1
4.2,691.0,6.0,66.0,0,1,0,1,1,0
3.9,691.0,4.0,26.0,0,0,0,0,0,1
4.1,689.0,1.0,45.0,1,1,0,0,1,1
4.0,689.0,1.0,44.0,1,1,1,0,0,0
3.4,687.0,12.0,52.0,0,0,0,0,0,1
4.1,686.0,18.0,33.0,1,1,0,0,1,0
3.5,686.0,1.0,54.0,0,0,0,0,0,1
3.8,685.0,1.0,34.0,0,0,0,0,0,1
3.5,684.0,139.0,81.0,0,0,0,0,0,1
3.8,684.0,46.0,38.0,0,0,0,0,0,1
4.3,683.0,6.0,20.0,0,0,1,0,1,0
4.1,683.0,1.0,32.0,0,0,0,1,1,1
4.3,682.0,35.0,19.0,1,0,0,0,1,0
4.1,680.0,4.0,28.0,0,1,0,1,1,0
4.1,679.0,5.0,35.0,1,1,0,0,1,1
3.7,679.0,56.0,37.0,0,0,0,0,0,1
4.0,679.0,156.0,64.0,1,0,1,0,1,0
3.3,679.0,15.0,49.0,0,0,0,0,0,1
3.8,677.0,4.0,48.0,0,1,0,0,0,1
3.9,677.0,2.0,44.0,0,0,0,0,0,1
4.0,677.0,3.0,172.0,1,1,0,0,1,0
3.9,676.0,13.0,56.0,1,1,0,0,0,1
3.9,675.0,11.0,19.0,0,0,1,1,0,1
3.7,675.0,1.0,64.0,0,0,0,0,0,1
3.4,674.0,8.0,36.0,0,0,0,0,0,1
4.3,674.0,2.0,19.0,0,1,0,1,1,0
3.3,673.0,11.0,52.0,0,0,0,0,0,1
3.8,672.0,37.0,30.0,0,0,0,0,0,1
3.6,671.0,11.0,41.0,0,0,0,0,0,1
4.0,671.0,17.0,129.0,1,0,1,0,1,1
4.0,670.0,11.0,27.0,1,0,1,0,1,0
4.0,669.0,3.0,21.0,1,0,0,0,1,1
3.8,668.0,14.0,51.0,0,0,0,0,0,1
3.4,667.0,2.0,26.0,0,0,0,0,0,1
4.0,667.0,1.0,53.0,1,1,0,1,0,1
3.8,667.0,7.0,52.0,0,0,0,0,0,1
4.0,666.0,4.0,23.0,0,1,1,0,1,0
4.0,666.0,26.0,40.0,0,1,0,1,1,1
3.9,666.0,5.0,57.0,0,1,1,0,0,1
3.6,664.0,2.0,88.0,0,0,1,0,0,1
3.4,664.0,6.0,51.0,0,0,0,0,0,0
4.1,661.0,1.0,71.0,1,1,0,0,1,0
3.6,661.0,15.0,71.0,0,0,0,0,0,1
3.8,660.0,8.0,30.0,0,1,0,0,1,1
3.3,660.0,2.0,68.0,0,0,0,0,0,1
4.3,658.0,7.0,42.0,1,0,0,0,1,0
3.9,655.0,53.0,126.0,1,1,0,0,1,1
4.1,654.0,11.0,44.0,1,0,1,0,1,0
3.3,652.0,35.0,54.0,0,0,0,0,0,0
4.1,651.0,2.0,52.0,1,1,0,0,1,1
3.3,650.0,3.0,29.0,0,0,0,0,0,1
4.0,649.0,9.0,50.0,1,1,0,0,1,1
4.2,648.0,42.0,26.0,1,1,0,0,1,1
3.8,647.0,30.0,61.0,0,0,0,0,0,1
4.3,645.0,44.0,37.0,0,1,0,1,1,0
4.0,644.0,20.0,28.0,0,0,0,0,1,0
3.8,643.0,2.0,55.0,0,0,1,0,0,1
3.8,643.0,164.0,81.0,1,0,0,0,1,1
4.0,641.0,3.0,60.0,1,1,0,0,1,1
3.9,640.0,4.0,33.0,1,1,0,1,0,1
3.7,638.0,33.0,39.0,0,0,0,0,0,1
3.3,636.0,4.0,40.0,0,0,0,0,0,1
4.0,636.0,164.0,121.0,1,0,1,0,1,0
3.3,635.0,25.0,96.0,0,0,0,0,0,1
4.1,634.0,2.0,45.0,1,0,0,1,1,0
4.1,633.0,12.0,67.0,0,1,0,1,1,0
3.9,633.0,43.0,75.0,1,1,0,0,1,1
3.6,632.0,67.0,57.0,1,0,0,0,0,1
4.0,632.0,12.0,37.0,1,1,0,0,0,1
3.5,631.0,17.0,50.0,0,0,0,0,0,1
4.0,630.0,164.0,156.0,0,0,1,1,1,0
4.2,630.0,4.0,29.0,1,1,0,0,1,0
3.3,629.0,17.0,44.0,0,0,0,0,0,1
3.8,629.0,1.0,28.0,0,0,1,0,0,1
4.2,629.0,10.0,48.0,0,1,1,1,0,0
3.3,628.0,3.0,76.0,0,0,0,0,0,1
3.6,627.0,4.0,34.0,0,0,0,0,0,1
3.5,626.0,13.0,31.0,0,0,0,0,0,1
3.3,625.0,9.0,50.0,0,0,0,0,0,1
3.9,625.0,12.0,55.0,1,1,0,0,0,1
3.9,624.0,2.0,74.0,1,0,0,0,1,1
3.8,624.0,10.0,32.0,0,0,0,0,0,0
3.4,624.0,14.0,75.0,0,0,0,0,0,1
3.6,624.0,8.0,149.0,0,0,0,0,0,1
3.8,624.0,7.0,69.0,0,1,0,0,0,1
3.7,622.0,4.0,93.0,0,1,0,0,0,1
4.1,622.0,52.0,44.0,0,1,1,1,0,0
3.3,621.0,7.0,45.0,0,0,0,0,0,1
4.2,620.0,86.0,64.0,1,1,0,0,1,0
4.1,620.0,39.0,35.0,1,1,0,0,1,0
3.6,617.0,5.0,45.0,0,0,0,0,0,1
4.2,617.0,61.0,67.0,0,1,0,1,1,0
4.3,616.0,1.0,63.0,0,1,0,1,1,0
4.2,616.0,114.0,105.0,1,1,0,0,1,1
4.0,615.0,10.0,40.0,0,1,0,0,0,0
3.5,615.0,23.0,35.0,0,0,0,0,0,1
3.9,615.0,9.0,31.0,0,1,0,1,1,1
4.3,614.0,4.0,43.0,0,1,0,1,1,0
3.3,614.0,1.0,34.0,0,0,0,0,0,1
4.3,614.0,4.0,26.0,1,1,0,0,0,0
4.0,612.0,20.0,49.0,1,1,0,0,1,0
4.2,611.0,18.0,39.0,0,1,1,0,1,0
3.7,610.0,23.0,44.0,0,0,0,1,0,0
3.8,609.0,12.0,21.0,0,0,0,0,1,1
3.4,609.0,26.0,73.0,0,0,0,0,0,1
3.8,609.0,6.0,30.0,0,1,0,0,0,1
4.3,609.0,11.0,32.0,1,0,1,0,1,0
4.2,608.0,7.0,32.0,1,1,0,1,0,0
4.1,608.0,27.0,40.0,1,0,1,1,0,0
3.7,606.0,25.0,81.0,1,0,0,0,0,1
4.0,605.0,4.0,23.0,1,0,0,0,1,0
3.8,605.0,7.0,40.0,0,0,0,0,0,1
4.3,604.0,6.0,71.0,1,0,0,1,1,0
3.9,604.0,1.0,45.0,0,0,1,0,0,1
3.8,604.0,4.0,38.0,0,0,0,0,0,1
3.8,602.0,8.0,34.0,0,0,0,0,0,1
3.5,602.0,14.0,68.0,0,0,0,0,0,1
4.0,602.0,10.0,84.0,1,1,0,0,1,1
3.3,595.0,11.0,121.0,0,0,0,0,0,0
3.7,595.0,41.0,39.0,0,0,0,0,0,1
4.1,594.0,15.0,74.0,1,1,0,0,1,0
4.3,594.0,65.0,49.0,1,0,1,0,1,0
4.0,594.0,3.0,37.0,1,0,1,0,1,1
3.4,594.0,12.0,41.0,0,0,0,0,0,1
4.3,594.0,16.0,48.0,0,1,0,1,1,0
4.2,593.0,164.0,75.0,1,1,0,0,1,1
3.3,592.0,22.0,49.0,0,0,0,0,0,1
3.6,592.0,4.0,110.0,0,0,0,0,0,1
4.1,592.0,32.0,46.0,1,0,0,1,1,1
4.1,592.0,1.0,44.0,0,1,1,0,0,0
3.8,591.0,11.0,53.0,0,0,0,0,0,1
4.1,590.0,6.0,47.0,0,1,0,1,1,0
4.2,590.0,70.0,64.0,1,1,0,0,1,1
3.8,588.0,67.0,60.0,0,1,1,0,0,1
3.8,587.0,85.0,58.0,0,0,0,0,0,1
4.0,586.0,12.0,49.0,0,0,1,1,1,0
3.7,586.0,9.0,73.0,0,0,0,0,0,1
4.3,586.0,2.0,19.0,1,1,0,0,1,0
3.5,586.0,11.0,43.0,0,0,0,0,0,1
3.8,586.0,2.0,45.0,0,0,0,1,0,1
3.7,585.0,7.0,53.0,0,0,0,0,0,1
3.8,585.0,18.0,38.0,0,1,0,0,0,1
3.8,583.0,29.0,38.0,0,0,0,0,0,1
3.9,583.0,1.0,56.0,1,1,0,0,0,1
4.3,583.0,52.0,40.0,1,0,0,1,1,0
4.1,581.0,1.0,41.0,0,0,0,1,0,0
4.0,580.0,1.0,250.0,0,0,1,1,1,1
3.8,580.0,3.0,33.0,0,0,0,0,0,1
3.7,580.0,12.0,71.0,0,0,0,0,0,1
3.8,580.0,53.0,111.0,1,0,0,0,0,1
3.7,580.0,31.0,32.0,0,0,0,0,0,1
4.3,580.0,21.0,41.0,1,0,1,0,1,0
3.7,580.0,30.0,59.0,1,0,0,0,0,1
4.3,579.0,35.0,37.0,1,0,0,0,1,0
3.9,579.0,27.0,52.0,0,0,1,1,1,0
4.0,579.0,42.0,38.0,0,1,0,1,1,1
3.6,578.0,9.0,48.0,0,1,0,0,0,1
4.2,578.0,33.0,42.0,1,1,0,0,1,0
3.9,577.0,89.0,36.0,0,0,0,0,0,1
4.0,574.0,7.0,22.0,0,1,0,1,0,1
3.7,574.0,9.0,34.0,0,0,0,0,0,1
4.3,574.0,5.0,37.0,0,0,1,1,1,0
3.9,573.0,14.0,43.0,1,0,1,0,0,1
4.2,573.0,5.0,19.0,1,1,0,0,1,0
3.9,572.0,5.0,45.0,0,1,0,0,0,1
4.0,571.0,29.0,30.0,0,1,0,1,0,0
4.0,571.0,9.0,50.0,0,1,0,0,0,0
3.3,571.0,11.0,40.0,0,0,0,0,0,1
3.7,570.0,3.0,77.0,0,0,1,0,0,1
3.8,570.0,18.0,117.0,0,0,0,0,1,0
3.7,570.0,24.0,98.0,0,1,0,0,0,1
3.4,569.0,9.0,53.0,0,0,0,0,0,1
3.8,566.0,2.0,22.0,0,1,0,0,1,1
3.7,566.0,22.0,27.0,0,0,0,0,0,1
3.3,566.0,2.0,29.0,0,0,0,0,0,1
3.9,566.0,9.0,54.0,0,1,0,0,0,1
3.9,565.0,4.0,47.0,0,1,0,0,0,1
3.9,565.0,4.0,23.0,1,1,0,0,0,1
4.3,564.0,17.0,39.0,1,1,0,0,1,0
4.2,564.0,2.0,29.0,1,1,0,0,1,0
3.8,564.0,12.0,33.0,0,0,0,0,0,1
3.6,564.0,42.0,196.0,0,0,0,0,0,1
3.8,564.0,1.0,32.0,0,0,0,0,0,0
4.3,563.0,59.0,34.0,0,0,0,1,1,0
3.6,563.0,8.0,19.0,0,0,0,0,0,1
4.0,562.0,1.0,43.0,0,1,1,1,0,0
3.7,562.0,15.0,27.0,0,0,0,0,0,1
3.9,561.0,37.0,69.0,1,0,1,0,1,1
4.3,560.0,101.0,39.0,1,0,0,0,1,0
3.9,559.0,67.0,57.0,0,1,1,0,0,1
4.0,558.0,38.0,55.0,0,1,0,1,0,0
3.9,557.0,26.0,29.0,0,1,0,0,1,1
3.9,557.0,20.0,47.0,1,1,1,0,0,1
4.3,555.0,75.0,84.0,1,1,0,0,1,0
4.3,553.0,2.0,26.0,0,1,0,1,1,0
3.6,553.0,27.0,57.0,0,0,0,0,0,1
3.9,553.0,4.0,44.0,0,0,0,0,0,1
4.0,552.0,41.0,35.0,1,1,0,0,1,0
3.9,552.0,5.0,68.0,1,0,0,1,1,1
4.1,551.0,3.0,36.0,1,0,1,1,0,0
3.9,550.0,2.0,30.0,0,0,0,0,0,1
4.1,550.0,25.0,32.0,1,1,0,0,1,0
4.1,550.0,18.0,42.0,1,1,0,0,1,1
3.6,549.0,18.0,26.0,0,0,0,0,0,1
4.1,549.0,1.0,63.0,1,1,0,0,1,0
3.5,549.0,3.0,46.0,0,0,0,0,0,1
3.4,547.0,18.0,60.0,0,0,0,0,0,1
3.9,547.0,32.0,69.0,1,1,0,0,1,1
3.9,547.0,21.0,30.0,0,0,0,1,1,0
4.0,547.0,22.0,101.0,1,1,0,0,1,1
3.5,544.0,32.0,47.0,0,0,0,0,0,1
4.1,544.0,30.0,27.0,1,0,1,0,1,0
3.6,544.0,26.0,32.0,0,0,0,0,0,1
3.6,543.0,2.0,19.0,0,0,0,0,0,1
4.1,543.0,2.0,25.0,1,0,1,0,0,0
3.9,542.0,29.0,43.0,1,0,0,0,1,1
4.0,541.0,22.0,43.0,1,1,0,0,0,1
3.8,541.0,51.0,74.0,0,0,0,1,1,0
3.7,541.0,3.0,19.0,0,0,0,0,0,1
3.6,540.0,6.0,36.0,0,0,0,0,0,1
4.0,540.0,67.0,70.0,0,1,0,1,1,1
4.0,540.0,77.0,71.0,1,0,1,0,1,1
4.2,539.0,4.0,50.0,1,1,0,0,1,0
3.5,537.0,39.0,28.0,0,0,0,0,0,1
3.5,537.0,102.0,67.0,0,0,0,0,0,1
3.7,536.0,29.0,44.0,0,1,0,0,0,1
4.3,536.0,3.0,24.0,1,0,0,1,1,0
3.3,536.0,17.0,27.0,0,0,0,0,0,1
4.3,536.0,26.0,19.0,0,0,1,1,0,0
3.7,535.0,27.0,41.0,0,0,0,0,0,1
3.6,535.0,60.0,88.0,0,0,0,0,0,1
3.8,534.0,4.0,27.0,0,0,0,1,0,1
4.0,533.0,2.0,41.0,1,1,0,0,0,1
3.3,533.0,54.0,79.0,0,0,0,0,0,1
3.7,533.0,6.0,52.0,0,0,0,0,0,1
3.8,532.0,5.0,44.0,0,1,0,0,0,0
3.6,532.0,13.0,29.0,0,0,0,0,0,1
3.3,531.0,80.0,87.0,0,0,0,0,0,1
3.3,530.0,10.0,32.0,0,1,0,0,0,1
3.9,530.0,52.0,44.0,1,0,0,0,0,1
4.2,530.0,2.0,33.0,1,0,0,1,1,1
3.9,529.0,38.0,60.0,0,1,0,0,0,0
3.8,529.0,4.0,34.0,0,0,0,0,0,1
4.0,527.0,6.0,51.0,1,0,1,0,1,0
3.3,527.0,12.0,67.0,0,0,0,0,0,1
4.0,526.0,2.0,34.0,0,0,0,1,0,0
4.0,526.0,2.0,33.0,0,0,0,1,0,1
3.9,526.0,12.0,20.0,0,1,0,1,0,1
3.4,526.0,17.0,49.0,0,0,0,0,0,1
3.9,526.0,26.0,23.0,0,0,1,1,0,0
3.3,525.0,26.0,53.0,0,0,0,0,0,1
3.3,525.0,23.0,102.0,0,0,0,0,0,0
4.0,525.0,4.0,34.0,0,0,1,0,0,0
3.8,524.0,13.0,19.0,0,0,0,0,0,1
3.3,524.0,29.0,67.0,0,0,0,0,0,1
3.3,524.0,9.0,107.0,0,0,0,0,0,1
4.0,523.0,5.0,58.0,1,0,1,0,1,1
3.8,523.0,6.0,68.0,1,0,0,0,1,1
4.1,521.0,2.0,48.0,1,0,0,1,1,1
3.5,521.0,1.0,25.0,0,0,0,0,0,0
3.7,520.0,32.0,29.0,0,0,0,0,0,1
3.4,519.0,17.0,27.0,0,0,0,0,0,1
3.8,519.0,20.0,48.0,0,0,0,0,0,1
3.9,519.0,14.0,50.0,0,1,0,0,0,1
3.5,518.0,5.0,42.0,0,0,0,0,0,1
4.0,517.0,5.0,41.0,0,0,0,0,1,1
3.7,516.0,14.0,33.0,1,0,0,0,0,1
4.3,516.0,6.0,32.0,1,0,0,1,1,0
3.9,514.0,16.0,26.0,1,0,0,0,0,1
3.3,514.0,3.0,35.0,0,0,0,0,0,1
3.9,514.0,1.0,58.0,0,0,1,1,0,0
4.3,514.0,60.0,24.0,1,1,0,0,1,0
3.7,514.0,40.0,27.0,0,0,0,0,0,1
3.3,513.0,24.0,34.0,0,0,0,0,0,1
3.9,513.0,9.0,34.0,0,1,0,1,1,1
3.5,513.0,12.0,38.0,0,0,0,0,0,1
3.4,512.0,2.0,30.0,0,0,0,0,0,1
3.7,512.0,73.0,68.0,1,0,1,0,1,1
4.2,511.0,6.0,39.0,0,1,0,1,1,0
4.1,511.0,1.0,40.0,1,1,0,0,1,0
4.3,511.0,24.0,19.0,0,0,1,1,1,0
4.0,511.0,12.0,60.0,1,1,0,0,1,0
3.9,510.0,4.0,20.0,1,0,0,0,1,1
4.0,509.0,4.0,37.0,0,1,1,1,0,0
4.0,508.0,96.0,34.0,1,1,1,0,0,1
3.6,508.0,1.0,35.0,0,1,0,0,0,1
4.2,508.0,39.0,23.0,1,1,0,1,0,0
4.1,507.0,1.0,33.0,1,0,1,0,0,0
4.0,507.0,11.0,24.0,1,0,0,1,0,1
3.8,507.0,1.0,52.0,0,0,1,0,0,0
4.2,506.0,17.0,41.0,1,0,0,1,1,0
3.7,506.0,7.0,39.0,1,0,0,0,0,1
4.2,505.0,7.0,33.0,0,0,1,1,1,0
3.8,505.0,32.0,20.0,1,0,0,0,0,1
3.7,505.0,6.0,54.0,0,0,0,0,0,1
4.0,503.0,15.0,19.0,0,1,0,1,0,1
3.3,503.0,4.0,33.0,0,0,0,0,0,1
4.2,501.0,2.0,32.0,1,0,1,0,0,1
4.1,501.0,13.0,38.0,0,1,0,1,1,0
4.1,501.0,164.0,66.0,1,0,1,0,1,0
3.3,500.0,14.0,57.0,0,0,0,0,0,1
3.7,500.0,5.0,20.0,0,0,0,0,0,1
4.3,500.0,33.0,27.0,0,1,0,0,1,0
4.1,499.0,3.0,33.0,0,1,0,0,1,0
3.7,498.0,30.0,50.0,0,0,0,0,0,1
4.1,498.0,4.0,19.0,1,1,0,1,0,0
3.9,498.0,6.0,39.0,0,0,0,1,0,0
4.1,498.0,3.0,20.0,0,1,0,1,1,0
4.1,498.0,1.0,33.0,0,1,1,1,0,1
3.9,497.0,9.0,37.0,0,0,0,0,1,0
4.3,497.0,5.0,24.0,1,1,0,0,1,0
3.6,497.0,1.0,39.0,0,0,0,0,0,1
3.9,497.0,6.0,23.0,1,0,1,0,0,1
3.8,496.0,11.0,40.0,0,0,0,0,0,1
4.3,496.0,63.0,27.0,1,0,1,0,1,1
3.6,496.0,78.0,42.0,0,0,0,0,0,1
4.1,495.0,12.0,35.0,0,1,0,1,1,1
3.6,495.0,2.0,38.0,0,0,0,0,0,1
4.3,495.0,10.0,32.0,1,0,0,0,1,0
4.2,494.0,56.0,73.0,1,1,0,0,1,0
3.9,494.0,2.0,26.0,0,0,1,1,0,0
4.3,493.0,1.0,39.0,0,0,0,1,1,0
3.7,492.0,14.0,24.0,0,0,0,0,0,1
4.3,492.0,115.0,19.0,0,1,0,1,1,0
3.5,491.0,11.0,37.0,0,0,0,0,0,1
3.9,491.0,4.0,50.0,0,0,0,0,0,1
3.9,491.0,8.0,78.0,1,1,0,0,1,1
3.3,490.0,3.0,81.0,0,0,0,0,0,1
3.9,489.0,164.0,63.0,1,1,0,0,1,1
3.7,488.0,2.0,41.0,0,0,0,0,0,1
4.3,488.0,6.0,19.0,0,1,0,1,1,0
3.8,488.0,14.0,31.0,0,0,0,0,0,1
3.7,487.0,2.0,30.0,0,0,0,0,0,1
3.5,487.0,13.0,49.0,0,0,0,0,0,1
3.7,486.0,12.0,45.0,0,0,0,0,0,1
3.8,486.0,1.0,32.0,0,0,0,0,0,1
3.8,484.0,41.0,22.0,0,0,0,0,0,1
4.3,483.0,11.0,31.0,1,0,0,1,1,0
4.1,483.0,5.0,31.0,0,1,1,1,0,0
3.4,483.0,1.0,36.0,0,0,0,0,0,1
4.1,483.0,12.0,23.0,1,1,0,0,1,1
4.0,483.0,5.0,58.0,0,1,1,0,0,0
3.6,482.0,1.0,23.0,0,0,0,0,0,1
3.4,482.0,36.0,51.0,0,0,0,0,0,1
3.5,481.0,3.0,19.0,0,0,0,0,0,1
3.8,479.0,1.0,20.0,1,0,0,0,0,1
3.7,479.0,5.0,20.0,0,0,0,0,0,1
4.1,479.0,80.0,62.0,1,1,0,0,1,0
4.3,479.0,13.0,30.0,1,1,0,0,1,0
3.9,479.0,18.0,36.0,0,0,0,1,0,1
3.8,479.0,1.0,39.0,0,0,0,0,0,1
4.1,478.0,2.0,26.0,1,0,0,1,1,0
3.5,478.0,3.0,19.0,0,0,0,0,0,1
3.9,478.0,13.0,51.0,1,1,0,0,0,1
3.9,477.0,13.0,22.0,1,0,0,0,1,0
4.1,477.0,1.0,91.0,0,0,1,1,0,0
4.0,477.0,12.0,42.0,0,0,1,1,0,0
3.6,476.0,27.0,33.0,0,1,0,0,0,1
3.5,476.0,3.0,33.0,0,1,0,0,0,1
3.6,476.0,11.0,29.0,0,0,0,0,0,1
3.8,475.0,5.0,32.0,0,0,0,0,0,1
4.2,475.0,7.0,21.0,1,1,0,0,1,1
3.9,474.0,10.0,54.0,0,0,0,1,1,0
3.6,474.0,1.0,27.0,0,0,0,0,0,1
4.1,474.0,114.0,48.0,1,1,0,0,1,0
3.7,474.0,18.0,25.0,0,0,0,0,0,1
4.3,473.0,1.0,26.0,1,0,0,1,1,0
4.3,473.0,5.0,19.0,1,0,1,0,1,0
4.0,473.0,8.0,31.0,1,0,0,0,0,1
3.7,473.0,11.0,37.0,0,0,0,0,0,1
4.2,473.0,3.0,20.0,0,1,0,1,1,0
4.2,473.0,40.0,20.0,0,1,1,0,1,0
3.3,473.0,8.0,72.0,0,0,0,0,0,1
3.6,473.0,128.0,137.0,0,0,0,0,0,1
3.3,472.0,5.0,19.0,0,0,0,0,0,1
4.2,471.0,24.0,60.0,1,1,0,0,1,0
4.0,471.0,14.0,51.0,0,0,0,1,1,0
3.3,471.0,14.0,60.0,0,0,0,0,0,1
3.8,471.0,9.0,26.0,0,0,0,0,0,1
4.0,470.0,5.0,33.0,1,1,0,0,1,1
4.2,470.0,111.0,34.0,1,1,0,0,1,0
3.8,469.0,10.0,19.0,0,0,0,0,0,1
4.1,469.0,2.0,19.0,1,0,1,1,0,0
3.9,469.0,1.0,19.0,0,0,0,0,0,1
3.3,468.0,6.0,24.0,0,0,0,0,0,1
4.1,468.0,48.0,24.0,1,0,0,0,1,1
4.0,467.0,4.0,22.0,1,0,0,0,1,1
3.9,465.0,1.0,19.0,0,1,0,1,1,1
4.3,465.0,6.0,35.0,1,0,1,1,0,0
3.9,465.0,11.0,52.0,0,0,1,0,0,0
3.7,464.0,7.0,32.0,1,0,0,0,0,1
3.9,463.0,3.0,50.0,1,0,0,0,1,1
3.9,463.0,22.0,27.0,0,0,1,1,0,0
3.8,463.0,14.0,40.0,0,0,0,0,0,1
3.7,462.0,4.0,55.0,0,0,0,0,0,1
3.9,461.0,20.0,41.0,0,1,0,0,0,1
4.1,461.0,7.0,25.0,1,1,0,0,1,0
4.0,461.0,66.0,47.0,1,1,0,0,1,1
4.3,461.0,11.0,35.0,1,1,0,0,1,0
3.6,460.0,102.0,72.0,1,0,0,0,0,1
4.1,459.0,6.0,48.0,1,0,1,0,1,0
3.9,458.0,4.0,34.0,0,1,0,0,0,1
3.8,458.0,4.0,30.0,0,1,0,0,0,1
3.3,458.0,57.0,92.0,0,0,0,0,0,1
3.5,458.0,27.0,49.0,0,0,0,0,0,1
4.2,458.0,119.0,48.0,1,1,0,0,1,0
3.6,457.0,10.0,48.0,0,1,0,0,0,1
4.3,457.0,14.0,22.0,0,1,0,1,1,0
3.8,457.0,3.0,31.0,0,0,0,0,0,1
4.0,456.0,6.0,19.0,1,0,0,0,1,1
4.0,456.0,6.0,20.0,1,0,0,0,1,1
3.8,456.0,2.0,37.0,0,0,0,1,0,1
3.5,456.0,3.0,48.0,0,0,0,0,0,1
4.0,455.0,3.0,39.0,1,1,0,0,0,1
4.1,455.0,53.0,28.0,1,1,0,0,1,0
3.8,455.0,22.0,19.0,0,0,1,1,0,1
3.7,454.0,1.0,27.0,0,0,0,0,0,1
3.3,454.0,30.0,64.0,0,0,0,0,0,1
3.6,454.0,120.0,80.0,1,0,1,0,0,1
3.8,452.0,9.0,30.0,0,1,1,0,0,1
3.3,451.0,44.0,65.0,0,0,0,0,0,1
3.9,451.0,2.0,26.0,1,1,0,0,0,1
3.7,451.0,3.0,62.0,1,0,0,0,0,1
3.4,451.0,18.0,24.0,0,0,0,0,0,1
3.7,450.0,10.0,32.0,1,0,0,0,0,1
4.3,450.0,1.0,28.0,0,0,1,1,1,0
3.6,450.0,15.0,71.0,0,0,0,0,0,1
4.3,449.0,11.0,22.0,1,1,0,0,1,0
4.0,448.0,7.0,27.0,1,0,1,1,0,0
4.0,447.0,1.0,29.0,1,0,0,0,0,1
3.3,447.0,45.0,42.0,0,0,0,0,0,1
3.6,447.0,7.0,37.0,0,0,0,0,0,0
4.0,447.0,2.0,26.0,1,0,0,1,1,0
4.0,446.0,2.0,28.0,1,1,0,1,0,1
3.4,446.0,15.0,60.0,0,1,0,0,0,1
3.6,446.0,164.0,60.0,0,0,0,0,0,1
3.4,446.0,70.0,80.0,0,0,0,0,0,1
4.3,445.0,12.0,21.0,1,0,0,1,1,0
3.5,443.0,2.0,29.0,0,1,0,0,0,1
3.3,443.0,4.0,105.0,0,0,0,0,0,1
3.9,443.0,3.0,30.0,0,0,0,0,0,1
3.3,443.0,32.0,32.0,0,0,0,0,0,0
4.1,442.0,4.0,22.0,1,0,0,1,1,0
3.8,442.0,2.0,72.0,1,0,1,0,0,0
3.7,442.0,1.0,34.0,0,0,0,0,0,1
4.1,441.0,10.0,21.0,1,1,0,0,1,0
3.5,441.0,7.0,54.0,0,0,0,0,0,1
4.0,441.0,7.0,32.0,1,0,0,0,1,1
3.4,441.0,150.0,52.0,0,0,0,0,0,1
3.8,440.0,4.0,27.0,1,0,0,0,0,1
3.5,439.0,12.0,40.0,0,0,0,0,0,1
3.9,439.0,11.0,28.0,1,1,0,0,0,1
4.3,438.0,3.0,21.0,1,0,0,1,1,0
3.4,438.0,6.0,33.0,0,0,0,0,0,0
3.9,438.0,19.0,69.0,1,1,0,0,0,1
4.3,437.0,4.0,25.0,0,1,0,1,1,0
4.2,436.0,8.0,19.0,1,1,1,0,0,0
3.3,435.0,2.0,52.0,0,0,0,0,0,1
3.8,435.0,43.0,44.0,0,1,0,0,1,1
3.7,435.0,5.0,48.0,0,0,0,0,0,1
3.9,434.0,3.0,19.0,0,1,0,0,1,1
3.8,434.0,146.0,44.0,1,0,0,0,1,1
4.1,434.0,4.0,45.0,1,0,1,0,1,1
3.9,434.0,3.0,75.0,1,1,0,0,0,1
3.8,433.0,7.0,23.0,0,0,0,0,0,1
3.9,433.0,49.0,130.0,0,1,1,1,0,0
3.5,432.0,11.0,29.0,0,0,0,0,0,1
3.9,432.0,10.0,54.0,1,1,0,0,0,1
3.6,432.0,10.0,86.0,0,1,0,0,0,1
3.6,431.0,2.0,24.0,0,0,0,0,0,1
4.0,431.0,3.0,25.0,1,0,1,0,1,0
3.9,430.0,2.0,38.0,1,0,1,0,0,0
3.8,430.0,4.0,40.0,0,1,0,0,0,1
4.2,430.0,3.0,20.0,0,1,0,1,1,0
3.8,430.0,1.0,23.0,0,0,0,1,0,1
3.8,428.0,164.0,31.0,0,0,0,1,0,1
3.9,428.0,5.0,22.0,0,0,1,0,0,0
3.9,427.0,4.0,21.0,1,0,0,0,1,1
4.0,427.0,9.0,31.0,1,1,0,1,0,0
4.2,427.0,6.0,30.0,0,1,1,0,0,0
3.7,427.0,5.0,24.0,0,0,0,0,0,1
3.7,426.0,4.0,39.0,0,0,0,0,0,1
3.9,426.0,2.0,35.0,0,1,0,0,0,1
3.6,426.0,2.0,35.0,1,1,0,0,0,1
3.8,425.0,71.0,47.0,0,0,0,0,0,1
3.3,424.0,9.0,45.0,0,0,0,0,0,1
3.9,424.0,3.0,19.0,1,0,0,0,1,1
4.1,423.0,4.0,19.0,1,1,0,0,1,1
4.0,423.0,1.0,29.0,0,0,0,1,0,1
4.1,423.0,2.0,28.0,1,1,0,0,1,0
4.1,423.0,18.0,79.0,1,0,1,0,1,0
3.8,423.0,2.0,37.0,0,0,0,0,0,0
3.4,423.0,37.0,65.0,0,0,0,0,0,1
4.3,422.0,1.0,19.0,0,1,0,1,1,0
4.3,422.0,14.0,23.0,0,1,0,0,1,0
3.8,422.0,5.0,34.0,1,0,0,0,0,1
3.9,422.0,5.0,19.0,0,0,0,0,0,1
4.0,422.0,10.0,28.0,1,0,0,1,1,0
3.5,421.0,15.0,38.0,0,0,0,0,0,1
3.3,421.0,4.0,23.0,0,0,0,0,0,1
3.9,420.0,1.0,22.0,1,1,0,0,1,0
4.3,420.0,13.0,37.0,0,1,0,0,1,0
3.7,420.0,5.0,40.0,0,0,0,0,0,1
3.3,420.0,4.0,59.0,0,0,0,0,0,1
3.8,420.0,76.0,42.0,1,0,0,0,0,1
3.8,419.0,6.0,27.0,0,0,0,0,0,1
4.1,419.0,3.0,48.0,1,1,0,0,1,1
4.0,419.0,9.0,19.0,0,0,1,1,1,0
3.6,418.0,14.0,54.0,0,0,0,0,0,1
4.0,417.0,9.0,43.0,1,0,1,1,0,0
3.9,416.0,26.0,57.0,1,1,0,0,0,1
3.6,416.0,1.0,23.0,0,0,0,0,0,1
3.3,416.0,2.0,45.0,0,0,0,0,0,1
4.0,416.0,26.0,49.0,1,0,0,1,1,1
4.0,416.0,1.0,27.0,1,1,0,0,1,1
3.7,414.0,4.0,19.0,0,0,0,0,0,1
3.9,414.0,8.0,42.0,0,0,0,1,1,1
3.6,414.0,12.0,54.0,0,0,0,0,0,1
3.5,414.0,27.0,43.0,0,0,0,0,0,1
3.4,413.0,45.0,55.0,0,0,0,0,0,1
3.3,413.0,3.0,19.0,0,0,0,0,0,1
4.2,413.0,17.0,31.0,0,0,1,1,1,0
3.9,413.0,3.0,21.0,0,1,0,0,1,1
4.1,413.0,1.0,31.0,1,1,1,0,0,0
3.3,412.0,157.0,64.0,0,0,0,0,0,1
4.1,412.0,1.0,19.0,1,1,0,1,0,0
4.1,412.0,157.0,50.0,1,0,1,0,1,0
3.7,412.0,10.0,20.0,0,0,0,0,0,1
3.5,411.0,50.0,70.0,0,0,0,0,0,1
4.0,411.0,4.0,19.0,1,1,0,1,0,1
4.2,410.0,3.0,22.0,1,0,1,0,1,0
3.3,410.0,2.0,44.0,0,0,0,0,0,1
3.8,410.0,11.0,65.0,0,0,1,0,0,1
4.1,410.0,7.0,26.0,1,0,1,0,1,0
3.6,409.0,8.0,56.0,0,1,0,1,0,1
3.7,409.0,53.0,50.0,0,0,1,0,0,1
3.9,408.0,2.0,26.0,0,0,1,0,0,1
4.3,407.0,7.0,19.0,0,0,0,1,1,0
3.5,406.0,21.0,47.0,0,0,0,0,0,1
4.1,406.0,46.0,33.0,1,0,1,1,0,0
3.5,406.0,10.0,19.0,0,0,0,0,0,1
3.7,406.0,3.0,19.0,0,0,0,0,0,1
3.6,406.0,31.0,115.0,0,0,0,1,0,1
4.3,405.0,10.0,19.0,1,0,0,1,1,0
3.8,405.0,11.0,38.0,1,1,0,0,0,1
3.3,405.0,5.0,41.0,0,0,0,0,0,1
4.1,405.0,164.0,46.0,1,1,0,0,1,1
3.7,404.0,8.0,48.0,0,0,0,0,0,1
3.8,404.0,29.0,22.0,0,0,0,0,0,1
3.9,403.0,7.0,24.0,0,0,0,1,1,1
3.9,402.0,2.0,26.0,0,1,1,0,0,1
3.8,402.0,10.0,24.0,0,0,0,0,0,1
3.3,402.0,4.0,47.0,0,0,0,0,0,1
4.2,401.0,2.0,21.0,0,1,0,0,1,1
3.8,401.0,58.0,37.0,0,0,0,0,0,1
3.6,401.0,2.0,26.0,0,0,0,0,0,1
3.3,401.0,99.0,48.0,0,0,0,0,0,1
3.8,401.0,10.0,122.0,0,0,0,1,0,0
3.9,400.0,1.0,29.0,1,0,1,0,1,0
3.8,400.0,10.0,19.0,1,0,0,0,0,1
3.4,400.0,8.0,51.0,0,0,0,0,0,1
3.8,400.0,16.0,24.0,0,1,0,0,0,1
3.6,399.0,7.0,19.0,0,0,0,0,0,1
4.0,399.0,2.0,24.0,0,1,0,1,1,0
4.2,399.0,9.0,19.0,1,1,0,0,0,0
4.1,398.0,3.0,19.0,0,1,1,0,0,0
3.6,398.0,5.0,39.0,0,0,0,0,0,1
3.9,398.0,20.0,19.0,0,0,0,0,0,0
3.8,398.0,7.0,54.0,0,0,0,0,0,1
4.3,397.0,1.0,19.0,1,1,0,0,1,0
3.9,397.0,20.0,19.0,0,0,0,0,0,1
4.2,396.0,13.0,24.0,1,1,0,0,1,0
3.8,395.0,9.0,54.0,0,0,0,0,0,1
4.3,395.0,16.0,35.0,1,1,0,0,1,0
3.8,394.0,160.0,50.0,0,1,1,0,1,0
3.7,394.0,12.0,33.0,0,0,0,0,0,1
3.5,394.0,9.0,38.0,0,0,0,0,0,1
4.1,394.0,6.0,25.0,1,1,0,0,1,1
3.6,394.0,1.0,28.0,0,0,0,0,0,1
3.9,393.0,1.0,19.0,0,0,0,0,0,1
3.8,393.0,45.0,29.0,0,0,1,1,0,0
3.7,393.0,25.0,31.0,0,0,0,0,0,1
3.6,393.0,14.0,37.0,0,0,0,0,0,1
3.6,393.0,37.0,45.0,0,0,0,0,0,1
3.4,393.0,5.0,28.0,0,0,0,0,0,0
3.5,392.0,3.0,35.0,0,0,0,0,0,1
4.3,392.0,30.0,33.0,1,1,0,0,1,0
3.5,392.0,84.0,29.0,0,0,0,0,0,1
3.9,391.0,4.0,21.0,1,0,0,0,1,1
4.3,391.0,18.0,23.0,1,1,0,0,1,0
3.9,391.0,10.0,35.0,0,0,1,1,0,0
3.9,391.0,17.0,31.0,0,0,0,1,0,0
4.2,390.0,62.0,66.0,1,0,1,0,1,0
3.6,390.0,3.0,19.0,0,0,0,0,0,1
4.2,390.0,3.0,28.0,1,0,0,0,1,0
4.2,390.0,62.0,66.0,1,0,1,0,1,0
3.9,390.0,115.0,145.0,1,1,0,0,1,0
3.6,389.0,14.0,21.0,0,0,0,0,0,1
3.8,389.0,1.0,26.0,0,1,0,0,0,1
3.8,388.0,2.0,22.0,0,1,0,0,0,1
4.3,388.0,9.0,19.0,1,0,0,1,1,0
3.9,387.0,5.0,29.0,0,1,0,1,0,0
3.8,386.0,41.0,32.0,0,1,0,0,0,1
3.6,386.0,1.0,35.0,0,0,0,0,0,1
3.8,386.0,23.0,23.0,1,1,0,0,0,1
3.7,386.0,16.0,82.0,1,0,0,0,0,1
4.0,386.0,1.0,25.0,1,1,0,0,1,0
3.3,385.0,2.0,88.0,0,0,0,0,0,1
3.9,385.0,42.0,22.0,1,1,0,0,0,1
3.6,385.0,2.0,19.0,0,0,0,0,0,1
3.6,385.0,1.0,44.0,0,1,0,0,0,1
3.3,384.0,3.0,20.0,0,0,0,0,0,1
4.0,384.0,6.0,19.0,0,0,0,1,1,0
3.7,384.0,11.0,25.0,1,0,0,0,0,1
4.0,384.0,83.0,60.0,1,1,0,0,1,1
3.6,383.0,17.0,19.0,0,1,0,0,0,1
3.9,383.0,2.0,21.0,0,1,0,1,1,1
3.8,383.0,26.0,30.0,0,1,0,0,0,1
4.0,382.0,29.0,21.0,1,0,1,0,1,1
3.5,381.0,4.0,20.0,0,0,0,0,0,1
3.3,381.0,4.0,46.0,0,0,0,0,0,1
4.3,381.0,12.0,19.0,0,0,1,1,1,0
4.3,380.0,5.0,19.0,1,0,1,0,1,0
4.1,380.0,34.0,33.0,0,1,0,1,1,0
4.0,380.0,3.0,39.0,0,0,1,0,0,0
3.8,379.0,3.0,19.0,0,0,0,0,1,1
4.0,379.0,2.0,45.0,1,1,0,1,0,1
4.0,379.0,72.0,67.0,0,1,0,1,1,0
4.1,379.0,1.0,23.0,1,0,0,0,1,0
3.8,379.0,2.0,19.0,0,0,0,0,0,1
3.8,379.0,17.0,28.0,0,1,0,0,0,1
3.7,379.0,92.0,34.0,0,0,0,0,0,1
3.7,379.0,92.0,34.0,0,0,0,0,0,1
4.3,379.0,5.0,19.0,1,1,0,0,1,0
4.0,379.0,164.0,19.0,1,0,1,0,1,1
3.9,378.0,2.0,30.0,1,1,0,0,0,1
3.7,378.0,13.0,19.0,0,1,0,0,0,1
3.8,377.0,2.0,21.0,0,0,0,0,0,1
3.3,377.0,56.0,42.0,0,0,0,0,0,1
3.3,377.0,40.0,60.0,0,0,0,0,0,1
4.3,377.0,11.0,55.0,1,0,0,1,1,0
3.8,377.0,3.0,19.0,0,0,0,0,0,1
3.8,376.0,12.0,19.0,0,0,0,0,0,1
3.6,376.0,1.0,38.0,0,1,0,0,0,1
3.7,375.0,9.0,20.0,0,0,0,0,0,1
4.0,375.0,3.0,31.0,1,1,0,0,1,1
4.1,375.0,4.0,26.0,1,0,0,1,1,0
4.1,374.0,55.0,26.0,0,1,0,1,1,1
4.3,374.0,18.0,20.0,1,1,0,0,1,0
4.0,374.0,9.0,19.0,1,1,0,0,0,1
3.8,373.0,4.0,28.0,0,0,0,0,0,1
3.7,373.0,10.0,19.0,0,1,0,0,0,1
3.8,373.0,11.0,19.0,0,1,0,1,0,1
3.3,373.0,4.0,41.0,0,0,0,0,0,1
3.6,373.0,27.0,28.0,0,0,0,0,0,1
3.9,373.0,16.0,35.0,0,0,0,1,1,0
3.7,372.0,9.0,33.0,0,1,0,0,0,1
4.1,372.0,9.0,28.0,1,0,1,0,1,0
4.3,372.0,2.0,19.0,1,1,0,0,0,0
3.4,371.0,11.0,24.0,0,0,0,0,0,1
3.5,371.0,31.0,26.0,0,0,0,0,0,1
4.1,371.0,1.0,19.0,0,1,1,1,0,1
3.4,371.0,13.0,37.0,0,0,0,0,0,1
3.5,370.0,7.0,29.0,0,0,0,0,0,1
4.0,370.0,11.0,52.0,0,1,1,0,0,0
4.0,370.0,8.0,19.0,0,1,0,1,1,1
3.7,370.0,89.0,33.0,1,1,0,0,0,1
3.8,368.0,2.0,23.0,0,0,0,0,0,1
4.0,368.0,14.0,24.0,0,1,0,1,1,0
4.0,368.0,18.0,42.0,1,1,0,0,1,0
4.1,367.0,7.0,19.0,0,1,0,1,1,0
4.3,367.0,8.0,19.0,0,1,0,1,1,0
4.1,367.0,21.0,19.0,0,1,1,1,0,0
3.8,367.0,2.0,19.0,0,0,0,0,0,1
3.9,367.0,25.0,52.0,0,0,1,1,1,0
3.7,367.0,5.0,23.0,0,0,0,0,0,1
3.8,367.0,18.0,186.0,0,0,1,1,0,1
4.3,366.0,19.0,19.0,0,0,0,1,1,0
3.9,366.0,68.0,82.0,1,0,1,0,1,0
4.3,365.0,3.0,27.0,1,1,0,0,1,1
3.9,365.0,7.0,34.0,1,0,0,0,0,1
3.6,365.0,7.0,23.0,0,0,0,0,0,1
3.6,365.0,7.0,27.0,0,0,0,0,0,1
3.6,364.0,14.0,34.0,0,1,0,0,0,1
3.3,364.0,6.0,46.0,0,0,0,0,0,1
4.0,364.0,164.0,31.0,1,0,0,1,1,1
3.3,364.0,23.0,47.0,0,0,0,0,0,0
4.0,364.0,6.0,32.0,1,0,0,0,1,1
3.9,364.0,4.0,24.0,0,0,0,0,0,1
4.0,364.0,164.0,31.0,1,0,0,1,1,1
3.3,364.0,6.0,46.0,0,0,0,0,0,1
4.0,364.0,7.0,26.0,1,1,0,1,0,0
3.3,363.0,18.0,20.0,0,0,0,0,0,0
4.3,363.0,2.0,23.0,1,0,1,0,1,0
3.9,362.0,1.0,30.0,0,0,1,1,1,0
4.0,362.0,22.0,19.0,1,0,0,1,1,1
3.9,362.0,3.0,19.0,0,0,0,1,0,0
3.8,362.0,1.0,28.0,0,1,0,0,0,1
3.3,362.0,1.0,25.0,0,0,0,0,0,1
4.1,362.0,1.0,19.0,0,1,1,0,1,0
4.2,362.0,1.0,23.0,1,1,0,0,1,0
3.3,361.0,35.0,25.0,0,0,0,0,0,1
3.5,361.0,20.0,27.0,0,0,0,0,0,1
4.3,361.0,12.0,19.0,0,0,1,1,1,0
3.3,360.0,9.0,21.0,0,0,0,0,0,1
4.1,360.0,3.0,32.0,0,0,1,1,0,0
3.3,360.0,5.0,24.0,0,0,0,0,0,1
3.3,360.0,68.0,50.0,0,0,0,0,0,1
4.1,360.0,7.0,19.0,1,1,0,0,1,1
3.9,360.0,14.0,48.0,1,0,1,0,1,1
4.0,360.0,5.0,38.0,0,0,1,1,1,0
4.2,360.0,4.0,26.0,1,1,0,0,1,0
3.9,360.0,5.0,22.0,1,0,0,0,1,1
3.8,360.0,40.0,20.0,0,1,0,0,0,1
3.6,360.0,3.0,48.0,0,0,1,0,0,0
3.8,360.0,7.0,19.0,0,0,0,1,1,1
4.2,360.0,6.0,26.0,0,1,0,1,1,0
3.7,360.0,8.0,32.0,1,0,0,0,0,1
4.0,360.0,7.0,25.0,1,1,0,0,0,0
3.7,360.0,8.0,24.0,0,1,0,0,0,1
4.3,360.0,33.0,57.0,1,0,1,0,1,0
3.8,360.0,5.0,22.0,0,0,0,1,0,1
3.7,360.0,16.0,19.0,0,0,0,0,0,1
3.3,360.0,8.0,28.0,0,0,0,0,0,1
4.2,360.0,20.0,26.0,1,0,0,0,1,0
4.2,360.0,5.0,115.0,0,1,0,1,1,0
4.3,360.0,5.0,19.0,1,1,0,0,0,0
3.6,360.0,6.0,34.0,0,0,0,0,0,1
4.1,360.0,15.0,19.0,1,1,1,0,0,0
3.7,360.0,14.0,19.0,0,0,0,0,0,1
3.3,360.0,7.0,29.0,0,0,0,0,0,1
4.1,360.0,2.0,19.0,1,1,0,1,0,1
3.8,360.0,7.0,39.0,0,0,1,0,0,0
4.1,360.0,1.0,19.0,1,0,0,1,1,1
3.3,360.0,5.0,36.0,0,0,0,0,0,1
3.7,360.0,5.0,20.0,0,0,0,0,0,1
3.7,360.0,7.0,22.0,0,0,0,0,0,1
3.3,360.0,1.0,19.0,0,0,0,0,0,0
4.2,360.0,14.0,31.0,0,1,0,1,1,0
3.6,360.0,17.0,35.0,0,0,0,0,0,1
3.8,360.0,3.0,19.0,0,0,0,0,0,1
3.9,360.0,27.0,37.0,1,0,0,0,1,1
3.8,360.0,4.0,19.0,0,1,0,1,1,1
3.9,360.0,13.0,26.0,0,1,1,1,0,1
3.9,360.0,2.0,19.0,0,0,0,1,1,1
3.8,360.0,21.0,19.0,0,0,0,0,0,1
3.3,360.0,3.0,22.0,0,0,0,0,0,1
3.3,360.0,3.0,22.0,0,0,0,0,0,1
3.8,360.0,8.0,37.0,0,0,0,1,0,0
3.9,360.0,7.0,19.0,0,1,0,0,0,1
3.4,360.0,6.0,37.0,0,0,0,0,0,1
3.5,360.0,3.0,31.0,0,0,0,0,0,1
4.0,360.0,15.0,27.0,1,1,0,0,1,0
4.3,360.0,1.0,19.0,1,1,0,0,1,0
3.3,360.0,8.0,19.0,0,0,0,0,0,1
3.3,360.0,74.0,30.0,0,0,0,0,0,1
3.7,360.0,6.0,23.0,0,0,0,0,0,1
3.8,360.0,1.0,27.0,0,0,0,0,0,1
3.9,360.0,4.0,19.0,1,1,0,0,0,1
3.7,360.0,3.0,32.0,0,1,0,0,0,1
3.9,360.0,3.0,31.0,0,1,1,0,0,0
3.8,360.0,3.0,39.0,0,1,0,0,0,1
3.8,360.0,1.0,28.0,0,1,0,0,0,1
4.0,360.0,2.0,27.0,1,0,0,0,1,1
3.8,360.0,16.0,27.0,0,1,0,0,0,1
4.1,360.0,125.0,40.0,1,1,0,0,1,0
4.1,360.0,3.0,19.0,1,1,0,0,1,1
3.6,360.0,53.0,33.0,0,0,0,0,0,1
3.3,360.0,149.0,54.0,0,0,0,0,0,1
3.9,360.0,1.0,27.0,0,1,1,0,0,1
3.7,360.0,4.0,28.0,0,0,1,0,0,0
3.8,360.0,4.0,22.0,1,0,0,0,0,1
4.0,360.0,5.0,20.0,1,1,0,0,0,1
4.1,360.0,133.0,68.0,1,1,0,1,0,0
4.2,360.0,14.0,24.0,0,1,1,0,1,0
4.1,360.0,22.0,32.0,1,1,0,0,1,1
4.1,360.0,3.0,19.0,1,0,1,0,1,0
4.1,360.0,17.0,19.0,1,1,0,0,0,0
3.3,360.0,10.0,48.0,0,0,0,0,0,1
3.9,360.0,1.0,19.0,0,0,0,0,0,1
3.3,360.0,16.0,26.0,0,0,0,0,0,1
3.8,360.0,2.0,19.0,0,0,0,0,0,1
3.3,360.0,14.0,47.0,0,0,0,0,0,1
3.7,360.0,32.0,21.0,0,0,0,0,0,1
3.4,360.0,18.0,44.0,0,0,0,0,0,1
4.3,360.0,1.0,19.0,1,1,0,0,1,0
3.4,360.0,1.0,19.0,0,0,0,0,0,1
3.4,360.0,17.0,27.0,0,0,0,0,0,1
4.0,360.0,1.0,19.0,1,0,0,1,0,1
4.0,360.0,3.0,23.0,1,1,0,0,1,1
3.4,360.0,2.0,19.0,0,0,0,0,0,1
4.0,360.0,13.0,27.0,1,1,0,1,0,0
